entity,period_end,frequency,native_metric,bound_or_approximate_MW,qualifier,exact_point_MW,disclosure_date,source_url,evidence_file,source_sha256,IT_vs_facility_power_verified,commercial_full_utilization_verified,official_input
CoreWeave,2022-12-31,annual_observation,active power,10,approximately,,2025-03-11,https://www.sec.gov/Archives/edgar/data/1769628/000119312525052207/d899798ds1a.htm,coreweave_running_gpu_sec_web_evidence.json,79f188f337456a57c6adefb9822c74096457a44acefa67ed49902272062696dd,False,False,False
CoreWeave,2023-12-31,annual_observation,active power,70,greater_than,,2025-03-11,https://www.sec.gov/Archives/edgar/data/1769628/000119312525052207/d899798ds1a.htm,coreweave_running_gpu_sec_web_evidence.json,79f188f337456a57c6adefb9822c74096457a44acefa67ed49902272062696dd,False,False,False
CoreWeave,2024-12-31,annual_observation,active power,360,greater_than,,2025-03-11,https://www.sec.gov/Archives/edgar/data/1769628/000119312525052207/d899798ds1a.htm,coreweave_running_gpu_sec_web_evidence.json,79f188f337456a57c6adefb9822c74096457a44acefa67ed49902272062696dd,False,False,False
CoreWeave,2025-03-31,quarterly_observation,active power,420,approximately,,2025-05-14,https://investors.coreweave.com/news/news-details/2025/CoreWeave-Reports-Strong-First-Quarter-2025-Results/default.aspx,coreweave_quarterly_records.json,c461663f115d81380784a056457a2044ea2acea6b3c063e993bbd165f681da06,False,False,False
CoreWeave,2025-06-30,quarterly_observation,active power,470,approximately,,2025-08-12,https://investors.coreweave.com/news/news-details/2025/CoreWeave-Reports-Strong-Second-Quarter-2025-Results/,coreweave_quarterly_records.json,c461663f115d81380784a056457a2044ea2acea6b3c063e993bbd165f681da06,False,False,False
CoreWeave,2025-09-30,quarterly_observation,active power,590,approximately,,2025-11-10,https://investors.coreweave.com/news/news-details/2025/CoreWeave-Reports-Strong-Third-Quarter-2025-Results/,coreweave_quarterly_records.json,c461663f115d81380784a056457a2044ea2acea6b3c063e993bbd165f681da06,False,False,False
CoreWeave,2025-12-31,quarterly_observation,active power,850,greater_than,,2026-02-26,https://investors.coreweave.com/news/news-details/2026/CoreWeave-Reports-Strong-Fourth-Quarter-and-Fiscal-Year-2025-Results/,coreweave_quarterly_records.json,c461663f115d81380784a056457a2044ea2acea6b3c063e993bbd165f681da06,False,False,False
CoreWeave,2026-03-31,quarterly_observation,active power,1000,greater_than,,2026-05-07,https://investors.coreweave.com/news/news-details/2026/CoreWeave-Reports-Strong-First-Quarter-2026-Results/,coreweave_quarterly_records.json,c461663f115d81380784a056457a2044ea2acea6b3c063e993bbd165f681da06,False,False,False
CoreWeave,2026-06-30,quarterly_observation,active power,1500,approximately,,2026-08-11,https://investors.coreweave.com/news/news-details/2026/CoreWeave-Reports-Strong-Second-Quarter-2026-Results/default.aspx,coreweave_quarterly_records.json,c461663f115d81380784a056457a2044ea2acea6b3c063e993bbd165f681da06,False,False,False
