period_end,fiscal_quarter,native_amount_USD,operating_component_USD,finance_component_USD,native_scope,combination,source_kind,source_url,source_sha256,first_available_timestamp,contractual_conditions_explicit,DC_only_value_USD,AI_only_value_USD,official_input
2024-06-30,FY-2024-Q4,117000000000,8600000000,108400000000,"additional operating and finance leases, primarily datacenters, not yet commenced",explicit operating+finance components,native issuer financial note HTML,https://www.microsoft.com/en-us/Investor/earnings/FY-2024-Q4/IRFinancialStatementsPopups?tag=us-gaap%3ALesseeOperatingAndFinanceLeasesTextBlock&title=Leases,62b10b1a3493c5f454f4da4a185de2bd032f37d18844432b8bd28ebc32698091,,False,,,False
2024-09-30,FY-2025-Q1,116100000000,7400000000,108700000000,"additional operating and finance leases, primarily datacenters, not yet commenced",explicit operating+finance components,native issuer financial note HTML,https://www.microsoft.com/en-us/Investor/earnings/FY-2025-Q1/IRFinancialStatementsPopups?tag=us-gaap%3ALesseeOperatingAndFinanceLeasesTextBlock&title=Leases,db3da0cdb3b982818a8b10e98e4f66246faff3e3e96791686b59078521fc268c,,False,,,False
2024-12-31,FY-2025-Q2,105400000000,6000000000,99400000000,"additional operating and finance leases, primarily datacenters, not yet commenced",explicit operating+finance components,native issuer financial note HTML,https://www.microsoft.com/en-us/Investor/earnings/FY-2025-Q2/IRFinancialStatementsPopups?tag=us-gaap%3ALesseeOperatingAndFinanceLeasesTextBlock&title=Leases,c11edaf3b97e06ac99ba298fe4d39f76ef51ec233738c6ed5ff5b735669dc4fa,,False,,,False
2025-03-31,FY-2025-Q3,99200000000,4400000000,94800000000,"additional operating and finance leases, primarily datacenters, not yet commenced",explicit operating+finance components,native issuer financial note HTML,https://www.microsoft.com/en-us/Investor/earnings/FY-2025-Q3/IRFinancialStatementsPopups?tag=us-gaap%3ALesseeOperatingAndFinanceLeasesTextBlock&title=Leases,f12407ae034ce8de5168c9fd14c46858db670957578a30aa82f4ea1b507190fc,,False,,,False
2025-06-30,FY-2025-Q4,92700000000,,,"additional operating and finance leases, primarily datacenters, not yet commenced","single combined disclosure, counted once",native issuer financial note HTML,https://www.microsoft.com/en-us/Investor/earnings/FY-2025-Q4/IRFinancialStatementsPopups?tag=us-gaap%3ALesseeOperatingAndFinanceLeasesTextBlock&title=Leases,24851fd306b6cadae97ad4c9329f14ca5219ce54706a4e1a56728de0d13f2d2e,,False,,,False
2025-09-30,FY-2026-Q1,106200000000,,,"additional operating and finance leases, primarily datacenters, not yet commenced","single combined disclosure, counted once",native issuer financial note HTML,https://www.microsoft.com/en-us/Investor/earnings/FY-2026-Q1/IRFinancialStatementsPopups?tag=us-gaap%3ALesseeOperatingAndFinanceLeasesTextBlock&title=Leases,550a60becbdbe3c16712b9f53fceb91524a1afa71de339a4cec57c673650edea,,False,,,False
2025-12-31,FY-2026-Q2,155100000000,,,"additional operating and finance leases, primarily datacenters, not yet commenced","single combined disclosure, counted once",native issuer financial note HTML,https://www.microsoft.com/en-us/Investor/earnings/FY-2026-Q2/IRFinancialStatementsPopups?tag=us-gaap%3ALesseeOperatingAndFinanceLeasesTextBlock&title=Leases,a930a94360950308339c4b38e37d9069887121c09682471e79331041409d319d,,False,,,False
2026-03-31,FY-2026-Q3,196600000000,,,"additional operating and finance leases, primarily datacenters, not yet commenced","single combined disclosure, counted once",native issuer financial note HTML,https://www.microsoft.com/en-us/Investor/earnings/FY-2026-Q3/IRFinancialStatementsPopups?tag=us-gaap%3ALesseeOperatingAndFinanceLeasesTextBlock&title=Leases,e2f631c784511bbbe6a220da38b3f500312eb6369a42f42f20abe3a547a7a019,,False,,,False
2026-06-30,FY-2026-Q4,329100000000,,,"additional leases, primarily datacenters, not yet commenced; some subject to contractual conditions","single combined disclosure, counted once","primary SEC indexed excerpt, native annual payload unavailable",https://www.sec.gov/Archives/edgar/data/789019/000119312526323660/msft-20260630.htm,9bdf42f6bd8a48d769f3c6f0474eaab2802b7a8c748233b48fc8e3797b955b79,,True,,,False
