observation_date_label,sample_all_tokens_7d,sample_uncached_input_tokens_7d,sample_output_tokens_7d,sample_billed_cost_USD_7d
2025-01-07,427697663755,379032100772,20495987728,474569.8302973495
2025-01-14,373969863330,270413506065,19651232603,506346.7961906778
2025-01-21,388831709380,281997672779,19002587648,577109.4499712577
2025-01-28,456719012619,330673832927,18710704113,699985.6510404916
2025-02-04,497965469090,360735465942,21404313652,679802.023107551
2025-02-11,506438854661,350768504479,22930155530,638096.1100583784
2025-02-18,596868751261,392237680840,32294284179,763150.5792182096
2025-02-25,671114075546,468394163295,35692794546,834395.1366824681
2025-03-04,759266047008,527281342600,42679458334,972789.8414944239
2025-03-11,685067435281,431120817938,39416926385,954848.4477776358
2025-03-18,663740587058,387269286299,35481996120,937688.1076993316
2025-03-25,744942394687,444504767195,44584023700,1116387.1591083766
2025-04-01,776486424737,461394344625,43312368902,1136809.163363317
2025-04-08,835320603213,462229406137,45536958907,1208180.962449852
2025-04-15,768579111143,433945015981,43213364422,1146013.6385028835
2025-04-22,783754037256,456409437834,47169024363,1100111.956321335
2025-04-29,1078932805709,526874133989,58420335956,1476848.4906316763
2025-05-06,941742517159,534553066689,53489439577,1283814.5410527843
2025-05-13,1023059355365,578669022402,56323115484,1329475.678125741
2025-05-20,1094192254936,598275620887,61984765995,1422767.0138818962
2025-05-27,1079731496153,579106402434,53477120848,1331303.5388519927
2025-06-03,1148668093539,640733104201,55116734823,1543487.9249826379
2025-06-10,1175069809652,663901431269,54863307331,1515633.331308966
2025-06-17,1181234172121,680557515083,61475131124,1603639.490894302
2025-06-24,1417458563072,884410430471,66165443266,1668137.5664959955
2025-07-01,1519192696780,919646688506,77151390860,1767693.8284690338
2025-07-08,1521225105656,956958198095,72362350647,1803683.6287032324
2025-07-15,1993690110827,1223029075670,90414220428,2137221.3208749085
2025-07-22,2136145438588,1161215496795,117379902250,2510135.7732845144
2025-07-29,1952018112025,1053622246106,102847485922,2221014.4618203267
2025-08-05,1914200238264,1096897941659,98387292961,2300954.286782817
2025-08-12,1904134766799,960001390951,112640136718,2593496.75579999
2025-08-19,2069377167171,1044710559621,112739712010,2526394.233597416
2025-08-26,2409662953794,1195048572443,160117030283,2551589.252524312
2025-09-02,2563268373664,1275117807126,170409011505,2478911.789502045
2025-09-09,2708180723692,1371945213480,173743940084,2798413.043273678
2025-09-16,2963652643615,1501736278783,190646980652,3026376.131013062
2025-09-23,3361139561163,1609225571369,240767233471,3211424.4013057677
2025-09-30,3436767394189,1551736799290,204311344584,3520458.0337844314
2025-10-07,4252595534445,2007118701163,264642171289,4350711.846555727
2025-10-14,4778987708623,2202751687991,270959362800,4996733.52626085
2025-10-21,4433377769548,2099360793786,280884460781,4583476.60890063
2025-10-28,4618776448041,2242134075534,273931193526,4622260.089134121
2025-11-04,4739882718004,2256409482883,278999995657,4832928.787629001
2025-11-11,5149497829633,2493786173154,338924848365,5042085.52714339
2025-11-18,4944845274766,2353446424581,260997112481,4983185.114270377
2025-11-25,4787810528500,2220134980965,259585194497,4979927.636846068
2025-12-02,4822605572555,2093661421333,256135580153,4947715.559316666
2025-12-09,5855665047441,2549148036503,291615184552,5946790.539390662
2025-12-16,5644080796467,2604135084726,324653100610,5774961.680007804
2025-12-23,5215105544026,2471597817357,321901395747,4962402.251304585
2025-12-30,3730086202792,1863001666118,251684944668,3282448.604190279
2026-01-06,4149712429251,1950943379311,232424309979,3814661.293536582
2026-01-13,5841298977553,2595721488323,306220550075,5577182.857967919
2026-01-20,6223637944974,2708155310351,349781246418,5993630.442061914
2026-01-27,7342870104725,3000507395567,378959295752,7418525.939931995
2026-02-03,7550568601621,3008610886623,433820545458,7804691.268108676
2026-02-10,8371855806140,3318239808434,440335179762,8887812.213192146
2026-02-17,8330605155106,3194214493230,404330636888,9253492.674885673
2026-02-24,9107309878246,2922991052603,414993654442,11052478.090075703
2026-03-03,10817020682860,3803186489710,470855246285,12858587.71194421
2026-03-10,11955220590354,3904273512524,469091133455,13622908.650508607
2026-03-17,11753816075633,3332744070456,447500684592,14166705.203139331
2026-03-24,11179962997316,3477343080083,472990275926,12268797.2975477
2026-03-31,11947941769012,3665332056718,453324237747,12816167.068101013
2026-04-07,11582503660490,3493298536280,433753542199,12401311.828440169
2026-04-14,12558397525061,3658442446733,520892976230,13096096.287201963
2026-04-21,14337772526757,4042478733663,575457283504,14024530.396364745
2026-04-28,15792193196174,4089284903297,573154010203,15554603.725417534
2026-05-05,15320869983487,3989207880017,555295552251,15395302.198156167
2026-05-12,16556527107841,4067993364488,535196019158,17097901.969131514
2026-05-19,16963112189543,3880364766862,532786876098,17784341.9876898
2026-05-26,16476249205607,3764593866022,535736247058,16291870.25527168
2026-06-02,18605948836253,4018674735969,590835893292,19392945.683563136
2026-06-09,19534408708508,4182392205603,596921837514,19864940.043552395
2026-06-16,19339806116878,4366250349622,571514488795,20271370.006740622
2026-06-23,20106896108691,4033896595466,547115725145,18982073.856389277
2026-06-30,22710195432538,4009296676571,582850333024,20562330.395277455
2026-07-07,19143029050628,3886520389759,531105139910,20120200.481039334
2026-07-14,24578889633205,4471659395044,591025160278,27582478.74005581
2026-07-21,23807485992309,4486977444966,563940278817,27599496.416077502
2026-07-28,27576052937631,4721148717434,615239523772,31547197.848646857
2026-08-04,30180708055852,5081900508382,644954617935,31534065.419889547
2026-08-11,30548271670385,5133852773858,624245142358,29922971.04115108
2026-08-18,30931848694550,4971381978337,698583328563,28831446.293867297
2026-08-25,31941388699554,4823034040248,686452547463,27593236.634363152
2026-09-01,32110171182992,5192734882190,690962294467,26360557.70361135
2026-09-08,29984083659393,4752026770428,692377077270,25433498.84049408
2026-09-15,32579538207814,5143484221492,711973223366,28208173.51445007
2026-09-22,36013586733965,5493070842397,714371239051,30268369.08154488
2026-09-29,39222890891114,6114863992254,831710139108,27521649.08997338
