field,lag_weeks,date,base_date,log_growth,growth_pct,expanding_valid_growth_observations,median_log_growth,MAD_log_growth,clipped_robust_z,research_score,official_input
sample_all_tokens_7d,13,2025-04-08,2025-01-07,0.6693990542295045,95.30632827854315,1,0.6693990542295045,0.0,,,False
sample_all_tokens_7d,13,2025-04-15,2025-01-14,0.7203682851252322,105.5189967178685,2,0.6948836696773684,0.025484615447863845,,,False
sample_all_tokens_7d,13,2025-04-22,2025-01-21,0.7009486168296769,101.5663893527901,3,0.7009486168296769,0.019419668295555303,,,False
sample_all_tokens_7d,13,2025-04-29,2025-01-28,0.8596593389632398,136.23557940406073,4,0.7106584509774545,0.025484615447863845,,,False
sample_all_tokens_7d,13,2025-05-06,2025-02-04,0.6372011654200433,89.11803641324249,5,0.7009486168296769,0.03154956260017239,,,False
sample_all_tokens_7d,13,2025-05-13,2025-02-11,0.7031491900528836,102.0104393549771,6,0.7020489034412802,0.025484615447863845,,,False
sample_all_tokens_7d,13,2025-05-20,2025-02-18,0.6060744612268382,83.32208758195304,7,0.7009486168296769,0.03154956260017239,,,False
sample_all_tokens_7d,13,2025-05-27,2025-02-25,0.47552854374817616,60.886432798263115,8,0.6851738355295907,0.04158355985259443,-3,0,False
sample_all_tokens_7d,13,2025-06-03,2025-03-04,0.4140061315738095,51.28664031079702,9,0.6693990542295045,0.05096923089572769,-3,0,False
sample_all_tokens_7d,13,2025-06-10,2025-03-11,0.5395655582007335,71.5261518991939,10,0.6533001098247739,0.058458627764283955,-1.31225974740546,28.12463001075098,False
sample_all_tokens_7d,13,2025-06-17,2025-03-18,0.576423688456819,77.96624090094696,11,0.6372011654200433,0.06594802463284022,-0.6216084078973715,39.63778784035082,False
sample_all_tokens_7d,13,2025-06-24,2025-03-25,0.6433139099516963,90.2776071252555,12,0.6402575376858699,0.06336275079803227,0.03253480672566541,50.54235522811684,False
sample_all_tokens_7d,13,2025-07-01,2025-04-01,0.6711551924014916,95.6496145176728,13,0.6433139099516963,0.059835280101187216,0.31383972319688674,55.2317081856921,False
sample_all_tokens_7d,13,2025-07-08,2025-04-08,0.5994556726651629,82.11272412110011,14,0.6402575376858699,0.06179136575541033,-0.44537745022197667,42.57555790479965,False
sample_all_tokens_7d,13,2025-07-15,2025-04-15,0.9531990276637895,159.39946609556742,15,0.6433139099516963,0.059835280101187216,3,100,False
sample_all_tokens_7d,13,2025-07-22,2025-04-22,1.0026630438510202,172.5530379488513,16,0.6563564820906005,0.06045630623003467,3,100,False
sample_all_tokens_7d,13,2025-07-29,2025-04-29,0.5928913569101072,80.92119376630397,17,0.6433139099516963,0.059835280101187216,-0.5683861768217172,40.525002432381974,False
sample_all_tokens_7d,13,2025-08-05,2025-05-06,0.7093232833697227,103.2615288559616,18,0.6563564820906005,0.06018296730296546,0.5936167594056251,59.89559137929177,False
sample_all_tokens_7d,13,2025-08-12,2025-05-13,0.6212302085751569,86.1216318304089,19,0.6433139099516963,0.059835280101187216,-0.24893762489833987,45.850209792944675,False
sample_all_tokens_7d,13,2025-08-19,2025-05-20,0.6372312522441624,89.12372645993909,20,0.6402725810979294,0.06177632234335084,-0.03320605906246779,49.44645499542866,False
sample_all_tokens_7d,13,2025-08-26,2025-05-27,0.8027744889714539,123.17242410538576,21,0.6433139099516963,0.059835280101187216,1.797512886506565,79.96453981806444,False
sample_all_tokens_7d,13,2025-09-02,2025-06-03,0.8026800610190922,123.15135138529646,22,0.6563564820906005,0.06018296730296546,1.6398975707525278,77.33709250444464,False
sample_all_tokens_7d,13,2025-09-09,2025-06-10,0.8349495314837533,130.4697730676984,23,0.6693990542295045,0.06994338156434166,1.5964665224573358,76.61309692936379,False
sample_all_tokens_7d,13,2025-09-16,2025-06-17,0.9198627083301296,150.8945908916202,24,0.670277123315498,0.07410360852786302,2.2717270337467035,87.86968965255755,False
sample_all_tokens_7d,13,2025-09-23,2025-06-24,0.8634145477912659,137.12436107328173,25,0.6711551924014916,0.07826383549138438,1.6569231218882052,77.62090844187638,False
sample_all_tokens_7d,13,2025-09-30,2025-07-01,0.8163522453643257,126.22326986388161,26,0.6860519046155842,0.10139438193212108,0.8667775681152999,64.44918206048206,False
sample_all_tokens_7d,13,2025-10-07,2025-07-08,1.028013509728116,179.55070677137869,27,0.7009486168296769,0.10182587214177696,2.166465588451278,86.11498135948281,False
sample_all_tokens_7d,13,2025-10-14,2025-07-15,0.8742414989936882,139.70564345331655,28,0.7020489034412802,0.10587538865364521,1.0969717894527053,68.2865197301766,False
sample_all_tokens_7d,13,2025-10-21,2025-07-22,0.7301587617091083,107.54100771708126,29,0.7031491900528836,0.1036935173877207,0.1756879982325865,52.928718930537215,False
sample_all_tokens_7d,13,2025-10-28,2025-07-29,0.861266065282299,136.6154504196448,30,0.7062362367113031,0.10844828634958142,0.9642032191943527,66.07326766396986,False
sample_all_tokens_7d,13,2025-11-04,2025-08-05,0.9067124871122371,147.61687012966988,31,0.7093232833697227,0.10986761070455986,1.2117965712641394,70.20064884297321,False
sample_all_tokens_7d,13,2025-11-11,2025-08-12,0.9948714863660726,170.43767696599068,32,0.7148457842474775,0.11774692940929521,1.6040736641071833,76.73990798066674,False
sample_all_tokens_7d,13,2025-11-18,2025-08-19,0.8710979987793073,138.9533118085955,33,0.7203682851252322,0.12091261246006935,0.8408204650428946,64.01647715226505,False
sample_all_tokens_7d,13,2025-11-25,2025-08-26,0.6865863302284797,98.69212501116064,34,0.7148457842474775,0.11774692940929521,-0.16187887615660426,47.3014791344694,False
sample_all_tokens_7d,13,2025-12-02,2025-09-02,0.6320312045685095,88.14282663900102,35,0.7093232833697227,0.10986761070455986,-0.47450556718069675,42.089992195097786,False
sample_all_tokens_7d,13,2025-12-09,2025-09-09,0.7711324870554307,116.22135466122465,36,0.7148457842474775,0.11208071730147695,0.33872785470538286,55.64659333793873,False
sample_all_tokens_7d,13,2025-12-16,2025-09-16,0.6441848405464801,90.44339790045271,37,0.7093232833697227,0.10702896199460299,-0.4104989617033489,43.156982308405176,False
sample_all_tokens_7d,13,2025-12-23,2025-09-23,0.4392792552125346,55.15885160750369,38,0.7062362367113031,0.10844828634958142,-1.6603306816510035,22.32228753687777,False
sample_all_tokens_7d,13,2025-12-30,2025-09-30,0.08190002546821112,8.5347297317518,39,0.7031491900528836,0.11025783314277637,-3,0,False
sample_all_tokens_7d,13,2026-01-06,2025-10-07,-0.02449047282821843,-2.4193014445101024,40,0.7020489034412802,0.11173044422710926,-3,0,False
sample_all_tokens_7d,13,2026-01-13,2025-10-14,0.20072445213309037,22.228792658604494,41,0.7009486168296769,0.1154036285346488,-2.923621908937171,1.2632227780173508,False
sample_all_tokens_7d,13,2026-01-20,2025-10-21,0.33919284467375627,40.38140371711487,42,0.6937674735290783,0.11996427845375335,-1.9935710345638766,16.767170853820176,False
sample_all_tokens_7d,13,2026-01-27,2025-10-28,0.46359995670768545,58.978685964318366,43,0.6865863302284797,0.129765915135846,-1.1590273784261684,30.67901360163577,False
sample_all_tokens_7d,13,2026-02-03,2025-11-04,0.4656104795344066,59.29863776883917,44,0.6788707613149856,0.1383933435817961,-1.039371444475282,32.67367802059705,False
sample_all_tokens_7d,13,2026-02-10,2025-11-11,0.4859763799763336,62.5761595230472,45,0.6711551924014916,0.14519705296283414,-0.8602199237720726,35.66013387071955,False
sample_all_tokens_7d,13,2026-02-17,2025-11-18,0.5215904258549798,68.4704918396101,46,0.670277123315498,0.14738090975467294,-0.680466714862519,38.65661986324181,False
sample_all_tokens_7d,13,2026-02-24,2025-11-25,0.6430041596340016,90.21867770317303,47,0.6693990542295045,0.1469531911348212,-0.12114818578993705,47.98045974288175,False
sample_all_tokens_7d,13,2026-03-03,2025-12-02,0.807806525492975,124.29826615758626,48,0.670277123315498,0.14180226211315233,0.6541666511005875,60.90495807384679,False
sample_all_tokens_7d,13,2026-03-10,2025-12-09,0.7137584756232773,104.16503494472558,49,0.6711551924014916,0.13665133309148347,0.21028350186105604,53.5054259760238,False
sample_all_tokens_7d,13,2026-03-17,2025-12-16,0.7335706109073188,108.25031567568067,50,0.6788707613149856,0.1332086241136648,0.27696812680316274,54.61705867380872,False
sample_all_tokens_7d,13,2026-03-24,2025-12-23,0.7625638312045978,114.37654334959441,51,0.6865863302284797,0.12122019526449535,0.42275234934822226,57.04728166363486,False
sample_all_tokens_7d,13,2026-03-31,2025-12-30,1.164127682583506,220.312752023502,52,0.6937674735290783,0.11996427845375335,2.6445673555648774,94.0849378172665,False
sample_all_tokens_7d,13,2026-04-07,2026-01-06,1.0264566166596076,179.1158148416703,53,0.7009486168296769,0.12452492837285789,1.763117962723134,79.39117643859464,False
sample_all_tokens_7d,13,2026-04-14,2026-01-13,0.7654363675460488,114.9932330688864,54,0.7020489034412802,0.11996427845375335,0.3563915805303885,55.94104764744158,False
sample_all_tokens_7d,13,2026-04-21,2026-01-20,0.8345428758545035,130.37607029078066,55,0.7031491900528836,0.12672550159606455,0.6993369591011819,61.6579471082167,False
sample_all_tokens_7d,13,2026-04-28,2026-01-27,0.7657859277774018,115.06839928997272,56,0.7062362367113031,0.12082575947219815,0.33242676503110785,55.54155417306857,False
sample_all_tokens_7d,13,2026-05-05,2026-02-03,0.7075930782358304,102.91014878267349,57,0.7075930782358304,0.1147017213257232,0.0,50.0,False
sample_all_tokens_7d,13,2026-05-12,2026-02-10,0.6819048301650553,97.76412173389659,58,0.7053711341443569,0.11173044422710926,-0.14166063065976314,47.638517286901745,False
sample_all_tokens_7d,13,2026-05-19,2026-02-17,0.7111050140594681,103.62400898506104,59,0.7075930782358304,0.10875916712849532,0.0217799411622917,50.3630716191754,False
sample_all_tokens_7d,13,2026-05-26,2026-02-24,0.5928425274429433,80.91235969649694,60,0.7053711341443569,0.11173044422710926,-0.6793090810827009,38.67591761835138,False
sample_all_tokens_7d,13,2026-06-02,2026-03-03,0.5423604767743345,72.00622409583505,61,0.7031491900528836,0.11030666260994026,-0.9831727183879104,33.61051078447353,False
sample_all_tokens_7d,13,2026-06-09,2026-03-10,0.4910094072725449,63.396472368474946,62,0.7020489034412802,0.1117548589606912,-1.2737181306852763,28.767118761476443,False
sample_all_tokens_7d,13,2026-06-16,2026-03-17,0.49798750473711517,64.54065634880592,63,0.7009486168296769,0.1154036285346488,-1.186231285599697,30.22552446905305,False
sample_all_tokens_7d,13,2026-06-23,2026-03-24,0.5869396882075586,79.84760874001203,64,0.6937674735290783,0.11569141851807802,-0.6228150279223625,39.617673484534215,False
sample_all_tokens_7d,13,2026-06-30,2026-03-31,0.6422549350120667,90.07621456139682,65,0.6865863302284797,0.11618815874297417,-0.25735080710179203,45.709962045613125,False
sample_all_tokens_7d,13,2026-07-07,2026-04-07,0.5024429767670843,65.27539823646514,66,0.6842455801967675,0.12104492703544695,-1.0130468005999118,33.11250983399947,False
sample_all_tokens_7d,13,2026-07-14,2026-04-14,0.6714983622134475,95.71676708080328,67,0.6819048301650553,0.12086965880639855,-0.05807136829426738,49.03195029053456,False
sample_all_tokens_7d,13,2026-07-21,2026-04-21,0.5071025784689154,66.04731277386165,68,0.6767015961892514,0.12858891104296305,-0.889602138635842,35.17033234894051,False
sample_all_tokens_7d,13,2026-07-28,2026-04-28,0.5574320324955621,74.61825976338672,69,0.6714983622134475,0.13118169880564468,-0.5864894727130469,40.22322048987351,False
sample_all_tokens_7d,13,2026-08-04,2026-05-05,0.6779869640256808,96.99082420502945,70,0.6747426631195641,0.12798461187570892,0.017097766286640528,50.2850197639983,False
sample_all_tokens_7d,13,2026-08-11,2026-05-12,0.6125276989628136,84.50893397757102,71,0.6714983622134475,0.12913788543911298,-0.30800541070894455,44.8655498034819,False
sample_all_tokens_7d,13,2026-08-18,2026-05-19,0.6007452399127102,82.34772221584493,72,0.6713267773074696,0.1214305226725213,-0.39204800996207784,43.464559673932165,False
sample_all_tokens_7d,13,2026-08-25,2026-05-26,0.6619827183946322,93.8632288268867,73,0.6711551924014916,0.11372315990592952,-0.05440183832636662,49.09312135509947,False
sample_all_tokens_7d,13,2026-09-01,2026-06-02,0.5456914797393599,72.58013265320027,74,0.670277123315498,0.11871536719803705,-0.7078431995696952,38.20025386317318,False
sample_all_tokens_7d,13,2026-09-08,2026-06-09,0.42848923645055936,53.49368443557627,75,0.6693990542295045,0.12370757449014458,-1.313512504216418,28.10374655471231,False
sample_all_tokens_7d,13,2026-09-15,2026-06-16,0.5215189639787573,68.4584530523374,76,0.6656908863120683,0.12166490805522107,-0.7992660409989322,36.6762350965478,False
sample_all_tokens_7d,13,2026-09-22,2026-06-23,0.582833430324202,79.11062224267671,77,0.6619827183946322,0.11629123865527224,-0.4590669429612784,42.347354060835485,False
sample_all_tokens_7d,13,2026-09-29,2026-06-30,0.5464465660147833,72.71049475390008,78,0.6530837794705562,0.11252736819116915,-0.6391850822464772,39.34478467895123,False
sample_all_tokens_7d,52,2026-01-06,2025-01-07,2.272377763794565,870.2443527089498,1,2.272377763794565,0.0,,,False
sample_all_tokens_7d,52,2026-01-13,2025-01-14,2.7485332639158,1461.970508944058,2,2.5104555138551827,0.2380777500606175,,,False
sample_all_tokens_7d,52,2026-01-20,2025-01-21,2.7729632670635613,1500.5993839591208,3,2.7485332639158,0.024430003147761337,,,False
sample_all_tokens_7d,52,2026-01-27,2025-01-28,2.7774167178633316,1507.7434706775614,4,2.7607482654896804,0.014441726973766,,,False
sample_all_tokens_7d,52,2026-02-03,2025-02-04,2.7188474154364095,1416.2835719149723,5,2.7485332639158,0.028883453947531557,,,False
sample_all_tokens_7d,52,2026-02-10,2025-02-11,2.805227264970447,1553.0832358318858,6,2.7607482654896804,0.02928465121346102,,,False
sample_all_tokens_7d,52,2026-02-17,2025-02-18,2.635994138105288,1295.7180933841814,7,2.7485332639158,0.029685848479390486,,,False
sample_all_tokens_7d,52,2026-02-24,2025-02-25,2.607893522582111,1257.0434908307566,8,2.7336903396761048,0.05763165174078444,-1.4722602621750083,25.45742142954261,False
sample_all_tokens_7d,52,2026-03-03,2025-03-04,2.656523922654386,1324.6680363867274,9,2.7188474154364095,0.062323492782023315,-0.6744907594765952,38.756239039525155,False
sample_all_tokens_7d,52,2026-03-10,2025-03-11,2.859406052363195,1645.1158783295873,10,2.7336903396761048,0.07435167115803032,1.1404462765636008,69.01123943031523,False
sample_all_tokens_7d,52,2026-03-17,2025-03-18,2.874041848240748,1670.8448609013437,11,2.7485332639158,0.0920093412614138,0.9200628892847879,65.33744836437742,False
sample_all_tokens_7d,52,2026-03-24,2025-03-25,2.7085715441600944,1400.782218471194,12,2.7336903396761048,0.07435167115803032,-0.22786838817275562,46.20143396916016,False
sample_all_tokens_7d,52,2026-03-31,2025-04-01,2.7335351458175343,1438.7186933833168,13,2.7335351458175343,0.07169211915291251,0.0,50.0,False
sample_all_tokens_7d,52,2026-04-07,2025-04-08,2.629435326224668,1286.593795955558,14,2.726191280626972,0.07435167115803032,-0.8777341000175247,35.36817255270786,False
sample_all_tokens_7d,52,2026-04-14,2025-04-15,2.793601346336617,1533.9759099599594,15,2.7335351458175343,0.07169211915291251,0.5651122841072218,59.420421776067386,False
sample_all_tokens_7d,52,2026-04-21,2025-04-22,2.9065575260883882,1729.3714411928204,16,2.741034204866667,0.07435167115803032,1.501566123572853,75.03110727995946,False
sample_all_tokens_7d,52,2026-04-28,2025-04-29,2.6835433066774934,1363.6864420668405,17,2.7335351458175343,0.07169211915291251,-0.47033110399873185,42.159580496341135,False
sample_all_tokens_7d,52,2026-05-05,2025-05-06,2.789239328252197,1526.8639999079799,18,2.741034204866667,0.06084197914647671,0.5343992871220019,58.90843611632377,False
sample_all_tokens_7d,52,2026-05-12,2025-05-13,2.7839829050826186,1518.3349500708175,19,2.7485332639158,0.056694001054646836,0.421745774667291,57.03050206370374,False
sample_all_tokens_7d,52,2026-05-19,2025-05-20,2.7410246909379175,1450.2862603003143,20,2.7447789774268587,0.05463532822667316,-0.04634787833090154,49.22738086822387,False
sample_all_tokens_7d,52,2026-05-26,2025-05-27,2.7252075062768784,1425.9580056996213,21,2.7410246909379175,0.05257665539869949,-0.20291410349144623,46.61742189479759,False
sample_all_tokens_7d,52,2026-06-02,2025-06-03,2.784878267854911,1519.784595820784,22,2.7447789774268587,0.04664135986754814,0.5798844830445852,59.66667433235324,False
sample_all_tokens_7d,52,2026-06-09,2025-06-10,2.8108499014350063,1562.4041012757505,23,2.7485332639158,0.045068082420816946,0.9326333385097078,65.54699775295683,False
sample_all_tokens_7d,52,2026-06-16,2025-06-17,2.7956056645210436,1537.2542018617557,24,2.7607482654896804,0.04318992476701866,0.544362919659372,59.07452987072173,False
sample_all_tokens_7d,52,2026-06-23,2025-06-24,2.6521973224159567,1318.5173826255734,25,2.7485332639158,0.04707240060524365,-1.3803779180933449,26.98910010538394,False
sample_all_tokens_7d,52,2026-06-30,2025-07-01,2.7046348884281093,1394.8857693084833,26,2.7447789774268587,0.04982452800197157,-0.5434435239645643,40.940796455510714,False
sample_all_tokens_7d,52,2026-07-07,2025-07-08,2.5324226303265895,1158.3955510235237,27,2.7410246909379175,0.05458097358312619,-2.5778243415873225,7.027668225739326,False
sample_all_tokens_7d,52,2026-07-14,2025-07-15,2.5119006808862747,1132.834004629208,28,2.737279918377726,0.05732358705110441,-2.6518963813332412,5.792887323174867,False
sample_all_tokens_7d,52,2026-07-21,2025-07-22,2.410997060706283,1014.5067916370822,29,2.7335351458175343,0.062070518703509325,-3,0,False
sample_all_tokens_7d,52,2026-07-28,2025-07-29,2.6480839822629485,1312.6945220310452,30,2.7293713260472066,0.06954087093332872,-0.7884221395133866,36.85700293431184,False
sample_all_tokens_7d,52,2026-08-04,2025-08-05,2.757903008908155,1476.674553296633,31,2.7335351458175343,0.062070518703509325,0.26479396058092075,54.41411532288395,False
sample_all_tokens_7d,52,2026-08-11,2025-08-12,2.775280395470275,1504.3124784565032,32,2.737279918377726,0.05732358705110441,0.4471278224751762,57.453620800661184,False
sample_all_tokens_7d,52,2026-08-18,2025-08-19,2.7045386786064656,1394.7419535335964,33,2.7335351458175343,0.060066200519082624,-0.32560489963267364,44.57216632312333,False
sample_all_tokens_7d,52,2026-08-25,2025-08-26,2.584415735700057,1225.5542087021954,34,2.7293713260472066,0.06523217938162373,-1.4988186375261587,25.014693312438933,False
sample_all_tokens_7d,52,2026-09-01,2025-09-02,2.527889686575179,1152.7042237521512,35,2.7252075062768784,0.06868358362249216,-1.9377126097608244,17.698330795287056,False
sample_all_tokens_7d,52,2026-09-08,2025-09-09,2.4043896064018124,1007.1670142647051,36,2.722027460856644,0.0707020119603301,-3,0,False
sample_all_tokens_7d,52,2026-09-15,2025-09-16,2.3972619201696714,999.3035326864143,37,2.7188474154364095,0.07076343317346101,-3,0,False
sample_all_tokens_7d,52,2026-09-22,2025-09-23,2.371616204948893,971.4695441418627,38,2.713709479798252,0.07662259507345448,-3,0,False
sample_all_tokens_7d,52,2026-09-29,2025-09-30,2.4347292090785673,1041.2727831808859,39,2.7085715441600944,0.07913621793542625,-2.334002424992041,11.092179575382673,False
sample_uncached_input_tokens_7d,13,2025-04-08,2025-01-07,0.1984404178190674,21.94993648177728,1,0.1984404178190674,0.0,,,False
sample_uncached_input_tokens_7d,13,2025-04-15,2025-01-14,0.4729655433997046,60.474608792909734,2,0.33570298060938597,0.1372625627903186,,,False
sample_uncached_input_tokens_7d,13,2025-04-22,2025-01-21,0.48149147829182304,61.848654046051486,3,0.4729655433997046,0.008525934892118447,,,False
sample_uncached_input_tokens_7d,13,2025-04-29,2025-01-28,0.4658291945400818,59.33348258170565,4,0.4693973689698932,0.007831141875870612,,,False
sample_uncached_input_tokens_7d,13,2025-05-06,2025-02-04,0.39328610000418585,48.18422837718619,5,0.4658291945400818,0.015662283751741224,,,False
sample_uncached_input_tokens_7d,13,2025-05-13,2025-02-11,0.5006042030346006,64.9717734097886,6,0.4693973689698932,0.02165047169331863,,,False
sample_uncached_input_tokens_7d,13,2025-05-20,2025-02-18,0.4221835675391221,52.52884924410057,7,0.4658291945400818,0.03477500849451881,,,False
sample_uncached_input_tokens_7d,13,2025-05-27,2025-02-25,0.21217605930112393,23.636553957072294,8,0.444006381039602,0.044102689143818596,-3,0,False
sample_uncached_input_tokens_7d,13,2025-06-03,2025-03-04,0.19487873309505382,21.516361842346733,9,0.4221835675391221,0.05930791075270092,-2.585068475201671,6.906908518388143,False
sample_uncached_input_tokens_7d,13,2025-06-10,2025-03-11,0.43174532070987937,53.99428736574639,10,0.42696444412450074,0.05026406672126307,0.06415432115586821,51.069452533668326,False
sample_uncached_input_tokens_7d,13,2025-06-17,2025-03-18,0.5637920560960507,75.73237516118442,11,0.43174532070987937,0.04974615758194367,1.7903755217739927,79.84555994797246,False
sample_uncached_input_tokens_7d,13,2025-06-24,2025-03-25,0.6879604630079128,98.96534204840545,12,0.4487872576249806,0.05365905151520739,3,100,False
sample_uncached_input_tokens_7d,13,2025-07-01,2025-04-01,0.6897364733755076,99.31902053403934,13,0.4658291945400818,0.07254309453589597,2.0818437856867864,84.70433590739873,False
sample_uncached_input_tokens_7d,13,2025-07-08,2025-04-08,0.7276983924258043,107.03100784794457,14,0.4693973689698932,0.0852529780459324,2.0435843706303434,84.06655145840783,False
sample_uncached_input_tokens_7d,13,2025-07-15,2025-04-15,1.0361680746738078,181.83964111332244,15,0.4729655433997046,0.09082651269634606,3,100,False
sample_uncached_input_tokens_7d,13,2025-07-22,2025-04-22,0.9338322809226225,154.42407639636585,16,0.4772285108457638,0.14864774870621794,2.0718445206169105,84.53764815868391,False
sample_uncached_input_tokens_7d,13,2025-07-29,2025-04-29,0.6930275795013673,99.97608121866868,17,0.48149147829182304,0.20646898471608977,0.6910439636138951,61.519702873443634,False
sample_uncached_input_tokens_7d,13,2025-08-05,2025-05-06,0.7188104135105975,105.19907377075609,18,0.49104784066321183,0.19780062752849836,0.7766595721140621,62.94691506714142,False
sample_uncached_input_tokens_7d,13,2025-08-12,2025-05-13,0.5062040558530263,65.89818251651447,19,0.5006042030346006,0.18735625997331218,0.020159715939008952,50.33606246470328,False
sample_uncached_input_tokens_7d,13,2025-08-19,2025-05-20,0.5574435973345261,74.62027920711832,20,0.5034041294438134,0.14733718150186348,0.24738576758275285,54.123920745604494,False
sample_uncached_input_tokens_7d,13,2025-08-26,2025-05-27,0.7244558799298395,106.3607943929092,21,0.5062040558530263,0.1817564071548865,0.8099237924156134,63.50142961956828,False
sample_uncached_input_tokens_7d,13,2025-09-02,2025-06-03,0.6881808549584997,99.00919724072685,22,0.5318238265937762,0.15624683238943,0.6749664565894921,61.251690831346835,False
sample_uncached_input_tokens_7d,13,2025-09-09,2025-06-10,0.7258511840495747,106.64893143212919,23,0.5574435973345261,0.13526002979540397,0.8397851252647986,63.999218038164194,False
sample_uncached_input_tokens_7d,13,2025-09-16,2025-06-17,0.7914648994919554,120.6626545884002,24,0.5606178267152884,0.13542200598112258,1.1497704255081533,69.16667299322091,False
sample_uncached_input_tokens_7d,13,2025-09-23,2025-06-24,0.5985870879307765,81.95461246561663,25,0.5637920560960507,0.1320467353861713,0.1777319778454316,52.96279207068334,False
sample_uncached_input_tokens_7d,13,2025-09-30,2025-07-01,0.5231405362246919,68.73184220462468,26,0.5606178267152884,0.13076419972314907,-0.19331044872867006,46.77751481969307,False
sample_uncached_input_tokens_7d,13,2025-10-07,2025-07-08,0.7406957802789657,109.73943325408948,27,0.5637920560960507,0.1320467353861713,0.9036189113605935,65.0633272523811,False
sample_uncached_input_tokens_7d,13,2025-10-14,2025-07-15,0.5883767155971186,80.10624046564783,28,0.5760843858465846,0.12983461065939778,0.06385864899248471,51.06452367870472,False
sample_uncached_input_tokens_7d,13,2025-10-21,2025-07-22,0.5921656159041316,80.78993947121079,29,0.5883767155971186,0.12254752105703676,0.02085377348815498,50.347632404047545,False
sample_uncached_input_tokens_7d,13,2025-10-28,2025-07-29,0.7551941390170944,112.80246158625901,30,0.5902711657506251,0.12649060948525784,0.8794251363505662,64.66001702296394,False
sample_uncached_input_tokens_7d,13,2025-11-04,2025-08-05,0.7212886826093247,105.70824296290505,31,0.5921656159041316,0.12664479760646585,0.6876896404269369,61.46378630591704,False
sample_uncached_input_tokens_7d,13,2025-11-11,2025-08-12,0.9546226526902591,159.76901665565265,32,0.5953763519174541,0.127495929352128,1.9005180124471348,81.68163526749373,False
sample_uncached_input_tokens_7d,13,2025-11-18,2025-08-19,0.8121409468408809,125.27257936732093,33,0.5985870879307765,0.12586879199906298,1.1443671000394302,69.0765995576573,False
sample_uncached_input_tokens_7d,13,2025-11-25,2025-08-26,0.619381165319046,85.77780285753977,34,0.6089841266249112,0.11779066161277829,0.059535335221801246,50.99245403814743,False
sample_uncached_input_tokens_7d,13,2025-12-02,2025-09-02,0.49587583737942775,64.19356781252417,35,0.5985870879307765,0.12562154453107194,-0.5514801593132341,40.806825744248385,False
sample_uncached_input_tokens_7d,13,2025-12-09,2025-09-09,0.619529603372719,85.80538139981353,36,0.6089841266249112,0.11616940536479592,0.06122805396425955,51.02067165958421,False
sample_uncached_input_tokens_7d,13,2025-12-16,2025-09-16,0.5504786409676417,73.40828223424015,37,0.5985870879307765,0.12270159467854813,-0.26445216962675167,45.59158233232205,False
sample_uncached_input_tokens_7d,13,2025-12-23,2025-09-23,0.42911177941406065,53.58927059892311,38,0.5953763519174541,0.12467319614250699,-0.8995030307370945,35.00528447761263,False
sample_uncached_input_tokens_7d,13,2025-12-30,2025-09-30,0.18281416664596425,20.059127744500206,39,0.5921656159041316,0.12664479760646585,-2.1801430072236125,13.657016069582376,False
sample_uncached_input_tokens_7d,13,2026-01-06,2025-10-07,-0.02838717179243245,-2.7988041673594033,40,0.5902711657506251,0.12977838230933597,-3,0,False
sample_uncached_input_tokens_7d,13,2026-01-13,2025-10-14,0.16415716208174047,17.83995002588805,41,0.5883767155971186,0.1329119670122061,-2.1527946299156966,14.112913519305337,False
sample_uncached_input_tokens_7d,13,2026-01-20,2025-10-21,0.25463479134080647,28.999041916329983,42,0.5760843858465846,0.14477168094972265,-1.4976325460152864,25.034465457925172,False
sample_uncached_input_tokens_7d,13,2026-01-27,2025-10-28,0.2913532816059987,33.82372750623226,43,0.5637920560960507,0.14160848855692854,-1.2976442146177911,28.36827094232142,False
sample_uncached_input_tokens_7d,13,2026-02-03,2025-11-04,0.2877036472410505,33.336210002934266,44,0.5606178267152884,0.1483134229857377,-1.2411424972857115,29.31015457024719,False
sample_uncached_input_tokens_7d,13,2026-02-10,2025-11-11,0.285632357075473,33.06031784743107,45,0.5574435973345261,0.1613668161760714,-1.1361330304525774,31.06066238235553,False
sample_uncached_input_tokens_7d,13,2026-02-17,2025-11-18,0.30546038513475265,35.724971678447616,46,0.5539611191510838,0.16276215675320582,-1.029793731913455,32.833338489002706,False
sample_uncached_input_tokens_7d,13,2026-02-24,2025-11-25,0.27503942881997173,31.6582585141962,47,0.5504786409676417,0.16833177254295584,-1.1036609463831804,31.60197202379238,False
sample_uncached_input_tokens_7d,13,2026-03-03,2025-12-02,0.5969248558021694,81.65241289532736,48,0.5539611191510838,0.16276215675320582,0.17804288135406726,52.9679748321723,False
sample_uncached_input_tokens_7d,13,2026-03-10,2025-12-09,0.4263125256440154,53.159936442137855,49,0.5504786409676417,0.1571925409634558,-0.5327790804358914,41.11857272913369,False
sample_uncached_input_tokens_7d,13,2026-03-17,2025-12-16,0.24669541097985517,27.97892436546403,50,0.5368095885961668,0.1691094079098156,-1.1571167708168415,30.71086343048325,False
sample_uncached_input_tokens_7d,13,2026-03-24,2025-12-23,0.34140368833503315,40.692108386852865,51,0.5231405362246919,0.18173684788965877,-0.6744907594765953,38.756239039525155,False
sample_uncached_input_tokens_7d,13,2026-03-31,2025-12-30,0.6767299474013926,96.74335903067532,52,0.5368095885961668,0.1691094079098156,0.5580706020040216,59.30303693540704,False
sample_uncached_input_tokens_7d,13,2026-04-07,2026-01-06,0.582533389334796,79.05688977574027,53,0.5504786409676417,0.1571925409634558,0.1375423505369729,52.29283098345134,False
sample_uncached_input_tokens_7d,13,2026-04-14,2026-01-13,0.34317298767768406,40.941255184375926,54,0.5368095885961668,0.1691094079098156,-0.7723171621866523,37.125472906348506,False
sample_uncached_input_tokens_7d,13,2026-04-21,2026-01-20,0.4005903459412925,49.27056503044724,55,0.5231405362246919,0.16988704327667536,-0.4865525311640997,41.889169305494455,False
sample_uncached_input_tokens_7d,13,2026-04-28,2026-01-27,0.3095887082760899,36.286446396985326,56,0.5146722960388591,0.17428636812814452,-0.7936764438432149,36.76941368113361,False
sample_uncached_input_tokens_7d,13,2026-05-05,2026-02-03,0.28211421210495063,32.59301486124269,57,0.5062040558530263,0.18353241752248128,-0.8235413173376678,36.27156623998108,False
sample_uncached_input_tokens_7d,13,2026-05-12,2026-02-10,0.20371538288478827,22.594917767797988,58,0.5034041294438134,0.18797789699462403,-1.0753247775666233,32.074335957964394,False
sample_uncached_input_tokens_7d,13,2026-05-19,2026-02-17,0.19458795870604345,21.481033133068106,59,0.5006042030346006,0.1910154947585107,-1.0805674655361825,31.986940349511833,False
sample_uncached_input_tokens_7d,13,2026-05-26,2026-02-24,0.2530325594306152,28.79252102634835,60,0.4982400202070142,0.19213804412037747,-0.8607882275765296,35.65066024629925,False
sample_uncached_input_tokens_7d,13,2026-06-02,2026-03-03,0.055112915339734676,5.66599210535772,61,0.49587583737942775,0.19386063599607983,-1.5335269922548256,24.436105039112054,False
sample_uncached_input_tokens_7d,13,2026-06-09,2026-03-10,0.06881165517053121,7.123442868099783,62,0.4886836578356254,0.20023860385872458,-1.4143116287424071,26.42342514886407,False
sample_uncached_input_tokens_7d,13,2026-06-16,2026-03-17,0.2701085873771379,31.01067040604144,63,0.48149147829182304,0.1993772661868724,-0.7151056354628254,38.0791890568347,False
sample_uncached_input_tokens_7d,13,2026-06-23,2026-03-24,0.1484642865023765,16.00513675428643,64,0.4772285108457638,0.20084525929071043,-1.1040760043289775,31.595053007835944,False
sample_uncached_input_tokens_7d,13,2026-06-30,2026-03-31,0.08969690021876878,9.384268997472267,65,0.4729655433997046,0.2028569560225667,-1.2743519536688483,28.756552932340295,False
sample_uncached_input_tokens_7d,13,2026-07-07,2026-04-07,0.10666782679136483,11.256462893026619,66,0.4693973689698932,0.20331068001212735,-1.203368777154253,29.9398424848386,False
sample_uncached_input_tokens_7d,13,2026-07-14,2026-04-14,0.2007220732186735,22.22850188711334,67,0.4658291945400818,0.21090075286131077,-0.8478504755282609,35.86633257294389,False
sample_uncached_input_tokens_7d,13,2026-07-21,2026-04-21,0.10432124846384527,10.995696961904056,68,0.4487872576249806,0.19495358223926978,-1.1917664577602491,30.133253149136646,False
sample_uncached_input_tokens_7d,13,2026-07-28,2026-04-28,0.1436820278262461,15.451694589133602,69,0.43174532070987937,0.1876358446091666,-1.0354952679703435,32.73829388293437,False
sample_uncached_input_tokens_7d,13,2026-08-04,2026-05-05,0.24209262256845684,27.39121803700897,70,0.43042855006197,0.18864427137529455,-0.6733882870957142,38.774617254114446,False
sample_uncached_input_tokens_7d,13,2026-08-11,2026-05-12,0.2327065583082303,26.20110983155819,71,0.42911177941406065,0.19026938590498532,-0.6962418369027233,38.3936485788316,False
sample_uncached_input_tokens_7d,13,2026-08-18,2026-05-19,0.24776870421344566,28.116357018602955,72,0.42771215252903805,0.18864427137529455,-0.6433812817764494,39.274834032786586,False
sample_uncached_input_tokens_7d,13,2026-08-25,2026-05-26,0.2477632144382803,28.11565369053848,73,0.4263125256440154,0.18421990307555855,-0.653728823588537,39.10234051077909,False
sample_uncached_input_tokens_7d,13,2026-09-01,2026-06-02,0.2563083300304279,29.215107550571773,74,0.4242480465915688,0.17985402981741277,-0.6298095576985583,39.501074673165036,False
sample_uncached_input_tokens_7d,13,2026-09-08,2026-06-09,0.1276878347242796,13.619826568677155,75,0.4221835675391221,0.18009094497066527,-1.102968561363565,31.613514082069372,False
sample_uncached_input_tokens_7d,13,2026-09-15,2026-06-16,0.16382611671182876,17.80094611243004,76,0.4113869567402073,0.18636901512626564,-0.895950965316188,35.06449740817914,False
sample_uncached_input_tokens_7d,13,2026-09-22,2026-06-23,0.3087546451746956,36.17282229224904,77,0.4005903459412925,0.19157526996283913,-0.3233315634588043,44.61006283714173,False
sample_uncached_input_tokens_7d,13,2026-09-29,2026-06-30,0.42210669367346065,52.51712421251431,78,0.4113485198073766,0.18319671604577392,0.03960927367116796,50.66028659209837,False
sample_uncached_input_tokens_7d,52,2026-01-06,2025-01-07,1.6384474187314049,414.71719026894647,1,1.6384474187314049,0.0,,,False
sample_uncached_input_tokens_7d,52,2026-01-13,2025-01-14,2.2616674957523712,859.9082257744403,2,1.950057457241888,0.3116100385104832,,,False
sample_uncached_input_tokens_7d,52,2026-01-20,2025-01-21,2.2621241664593836,860.346687851345,3,2.2616674957523712,0.00045667070701238544,,,False
sample_uncached_input_tokens_7d,52,2026-01-27,2025-01-28,2.2054041946645424,807.3918456164618,4,2.233535845208457,0.028359985897420614,,,False
sample_uncached_input_tokens_7d,52,2026-02-03,2025-02-04,2.1210888433651585,734.0213731872797,5,2.2054041946645424,0.05671997179484123,,,False
sample_uncached_input_tokens_7d,52,2026-02-10,2025-02-11,2.247063268653359,845.9913778070282,6,2.226233731658951,0.035662099446926554,,,False
sample_uncached_input_tokens_7d,52,2026-02-17,2025-02-18,2.0972284968492816,714.3568681084902,7,2.2054041946645424,0.05671997179484123,,,False
sample_uncached_input_tokens_7d,52,2026-02-24,2025-02-25,1.8310525333699812,524.0451486501694,8,2.1632465190148507,0.09111886318801443,-2.459005367624447,9.00838052170046,False
sample_uncached_input_tokens_7d,52,2026-03-03,2025-03-04,1.9758602812351507,621.2822040993642,9,2.1210888433651585,0.1405786523872128,-0.6968008407062593,38.38432998542666,False
sample_uncached_input_tokens_7d,52,2026-03-10,2025-03-11,2.203438633776188,805.6100633687045,10,2.1622637385706733,0.09210164363219175,0.30153735854535746,55.02662776695111,False
sample_uncached_input_tokens_7d,52,2026-03-17,2025-03-18,2.152431007535503,760.5753640589198,11,2.152431007535503,0.09463226111785605,0.0,50.0,False
sample_uncached_input_tokens_7d,52,2026-03-24,2025-03-25,2.057063018687783,682.29601496209,12,2.1367599254503307,0.09500012498278787,-0.5658395415789753,40.56745484187848,False
sample_uncached_input_tokens_7d,52,2026-03-31,2025-04-01,2.0724211236475565,694.403334028078,13,2.1210888433651585,0.08431535129938394,-0.389323257608953,43.509981295658754,False
sample_uncached_input_tokens_7d,52,2026-04-07,2025-04-08,2.0225403902471335,655.7499566015543,14,2.1091586701072202,0.09526274411314506,-0.6132851820644174,39.77653601498616,False
sample_uncached_input_tokens_7d,52,2026-04-14,2025-04-15,2.1318749400303507,743.0658982135153,15,2.1210888433651585,0.08431535129938394,0.0862846731867516,51.438365502023146,False
sample_uncached_input_tokens_7d,52,2026-04-21,2025-04-22,2.181223034108853,785.7132211918204,16,2.126481891697755,0.0779395225226105,0.4737313435396902,57.897101496806634,False
sample_uncached_input_tokens_7d,52,2026-04-28,2025-04-29,2.0491637084005503,676.1407591480615,17,2.1210888433651585,0.08234979041102974,-0.5891070112697879,40.17958612213263,False
sample_uncached_input_tokens_7d,52,2026-05-05,2025-05-06,2.0099169554659233,646.2697585341698,18,2.1091586701072202,0.09044912176452735,-0.7400582578837126,37.66322884107851,False
sample_uncached_input_tokens_7d,52,2026-05-12,2025-05-13,1.9501744485035468,602.991383157534,19,2.0972284968492816,0.08731154138335828,-1.1360078539597025,31.06274907449176,False
sample_uncached_input_tokens_7d,52,2026-05-19,2025-05-20,1.8696328880162032,548.5914905088383,20,2.084824810248419,0.10268137643685127,-1.4135471114267661,26.436169652515805,False
sample_uncached_input_tokens_7d,52,2026-05-26,2025-05-27,1.8719090334994724,550.0694604997128,21,2.0724211236475565,0.10880191046129672,-1.2430255258829297,29.27876448353156,False
sample_uncached_input_tokens_7d,52,2026-06-02,2025-06-03,1.8360944634798315,527.1994859669884,22,2.06474207116767,0.1155242928026532,-1.3349633641586311,27.746160719475615,False
sample_uncached_input_tokens_7d,52,2026-06-09,2025-06-10,1.8405049682368404,529.9718615772009,23,2.057063018687783,0.12416001542107002,-1.1764367411204402,30.38879952552226,False
sample_uncached_input_tokens_7d,52,2026-06-16,2025-06-17,1.8587475388165902,541.5696326694,24,2.053113363544167,0.13921747039835375,-0.9416774515560247,34.30223688256107,False
sample_uncached_input_tokens_7d,52,2026-06-23,2025-06-24,1.5175668421822468,356.11137730676865,25,2.0491637084005503,0.15427492537563792,-2.3241442065709954,11.256516076461502,False
sample_uncached_input_tokens_7d,52,2026-06-30,2025-07-01,1.4723815504908175,335.96054079031705,26,2.035852049323842,0.16508108856600434,-2.3022361192426053,11.621723892225766,False
sample_uncached_input_tokens_7d,52,2026-07-07,2025-07-08,1.401509824612694,306.13272319478824,27,2.0225403902471335,0.1586826438617197,-2.639730267148657,5.995696446631882,False
sample_uncached_input_tokens_7d,52,2026-07-14,2025-07-15,1.2964289385752163,265.62167523240066,28,2.0162286728565286,0.16123774764613152,-3,0,False
sample_uncached_input_tokens_7d,52,2026-07-21,2025-07-22,1.3517120016500759,286.4035105757917,29,2.0099169554659233,0.1694119872290829,-2.620553400333969,6.31537481643273,False
sample_uncached_input_tokens_7d,52,2026-07-28,2025-07-29,1.499818156725429,348.0874179415367,30,1.992888618350537,0.15816827202783568,-2.1026433801999556,14.948934852066735,False
sample_uncached_input_tokens_7d,52,2026-08-04,2025-08-05,1.5331991645237828,363.2974787696196,31,1.9758602812351507,0.15601465879520005,-1.9137357675687467,18.098024754628987,False
sample_uncached_input_tokens_7d,52,2026-08-11,2025-08-12,1.6766769509587507,434.7755557700061,32,1.9630173648693487,0.17913560891357805,-1.0781438956705542,32.02734125917186,False
sample_uncached_input_tokens_7d,52,2026-08-18,2025-08-19,1.5599579948951228,375.8621354550602,33,1.9501744485035468,0.20225655903195605,-1.3013046074467476,28.307252193862716,False
sample_uncached_input_tokens_7d,52,2026-08-25,2025-08-26,1.3952163680079133,303.58477064981753,34,1.9110417410015095,0.2378770282883761,-1.4626021272048566,25.61842253949504,False
sample_uncached_input_tokens_7d,52,2026-09-01,2025-09-02,1.4042219385517598,307.23569643294013,35,1.8719090334994724,0.25996590653087837,-1.2134307458936597,29.772109465952692,False
sample_uncached_input_tokens_7d,52,2026-09-08,2025-09-09,1.2423416189115453,246.37146758756296,36,1.8707709607578378,0.271382013025089,-1.5618934332987513,23.963236466909812,False
sample_uncached_input_tokens_7d,52,2026-09-15,2025-09-16,1.2311087560364633,242.50249488946585,37,1.8696328880162032,0.2827981195192997,-1.5229189906043794,24.61294042662499,False
sample_uncached_input_tokens_7d,52,2026-09-22,2025-09-23,1.2277343994261658,241.34871705549247,38,1.8641902134163968,0.29623650632019005,-1.4491244535795675,25.843095358828606,False
sample_uncached_input_tokens_7d,52,2026-09-29,2025-09-30,1.3713477079395864,294.0657974375466,39,1.8587475388165902,0.2987895439214674,-1.100261668404972,31.658637987689115,False
sample_output_tokens_7d,13,2025-04-08,2025-01-07,0.7982951335001713,122.17499108272301,1,0.7982951335001713,0.0,,,False
sample_output_tokens_7d,13,2025-04-15,2025-01-14,0.7880097447919966,119.90154661037882,2,0.793152439146084,0.005142694354087374,,,False
sample_output_tokens_7d,13,2025-04-22,2025-01-21,0.9091622517674471,148.22421681062204,3,0.7982951335001713,0.010285388708174747,,,False
sample_output_tokens_7d,13,2025-04-29,2025-01-28,1.138568275089961,212.22948961824568,4,0.8537286926338092,0.06057625348772527,,,False
sample_output_tokens_7d,13,2025-05-06,2025-02-04,0.9158917690955057,149.9002791991043,5,0.9091622517674471,0.1108671182672758,,,False
sample_output_tokens_7d,13,2025-05-13,2025-02-11,0.898652148198362,145.62901638548112,6,0.9039071999829046,0.0587983177976672,,,False
sample_output_tokens_7d,13,2025-05-20,2025-02-18,0.6519983909286441,91.93726558988672,7,0.898652148198362,0.1003570146981907,,,False
sample_output_tokens_7d,13,2025-05-27,2025-02-25,0.4043050797645658,49.82609663437812,8,0.8484736408492667,0.06405336958220975,-3,0,False
sample_output_tokens_7d,13,2025-06-03,2025-03-04,0.25573565231975043,29.141130123228432,9,0.7982951335001713,0.1175966355953344,-3,0,False
sample_output_tokens_7d,13,2025-06-10,2025-03-11,0.33064944270951957,39.18717759758681,10,0.793152439146084,0.13194668908343082,-2.3642427066089446,10.58807408082889,False
sample_output_tokens_7d,13,2025-06-17,2025-03-18,0.5496073047773707,73.25725113122526,11,0.7880097447919966,0.1360113538633525,-1.1822560268614837,30.291792032219064,False
sample_output_tokens_7d,13,2025-06-24,2025-03-25,0.3947827397576493,48.4061728282277,12,0.7200040678603203,0.1925229425711561,-1.1393903379015877,31.00636306718053,False
sample_output_tokens_7d,13,2025-07-01,2025-04-01,0.5773313564921847,78.12784850111822,13,0.6519983909286441,0.24769331116407828,-0.20332492842954236,46.61057344307953,False
sample_output_tokens_7d,13,2025-07-08,2025-04-08,0.4631618655438203,58.90905406042908,14,0.6146648737104143,0.21512096394930677,-0.4750228762704656,42.081368652571335,False
sample_output_tokens_7d,13,2025-07-15,2025-04-15,0.7382517516183724,109.22744997371683,15,0.6519983909286441,0.24665375726971794,0.23586543097093965,53.93187673428557,False
sample_output_tokens_7d,13,2025-07-22,2025-04-22,0.9116782887038652,148.84954445246984,16,0.6951250712735082,0.215295198962148,0.6784319613062146,61.3094607949746,False
sample_output_tokens_7d,13,2025-07-29,2025-04-29,0.5655831240328211,76.04740582022818,17,0.6519983909286441,0.24665375726971794,-0.23630817403361015,46.060742738859716,False
sample_output_tokens_7d,13,2025-08-05,2025-05-06,0.6094274158104944,83.93778984984111,18,0.6307129033695693,0.19699502686780276,-0.07287932542167415,48.78510164522069,False
sample_output_tokens_7d,13,2025-08-12,2025-05-13,0.6930930783072073,99.9891798421525,19,0.6519983909286441,0.18883652538482382,0.14678297455396827,52.44687218581465,False
sample_output_tokens_7d,13,2025-08-19,2025-05-20,0.5981930830931345,81.88293558951911,20,0.6307129033695693,0.16756663397817553,-0.13089908029752345,47.81791233144028,False
sample_output_tokens_7d,13,2025-08-26,2025-05-27,1.0966510723975742,199.41221169723508,21,0.6519983909286441,0.18883652538482382,1.588220945159301,76.47564315580556,False
sample_output_tokens_7d,13,2025-09-02,2025-06-03,1.1287481100739645,209.1783503726149,22,0.6725457346179258,0.21774514132727088,1.4131396219486292,73.55703749788366,False
sample_output_tokens_7d,13,2025-09-09,2025-06-10,1.1527378361819185,216.68513718243813,23,0.6930930783072073,0.2160691734602398,1.434846706096182,73.91889459062335,False
sample_output_tokens_7d,13,2025-09-16,2025-06-17,1.13179072798794,210.12049452558398,24,0.7156724149627899,0.1947478552728663,1.4411863822130513,74.02457699149157,False
sample_output_tokens_7d,13,2025-09-23,2025-06-24,1.2916723089448154,263.886677979412,25,0.7382517516183724,0.17764001747713332,2.1013117276298576,85.02886649958972,False
sample_output_tokens_7d,13,2025-09-30,2025-07-01,0.9738754226833423,164.81874442775276,26,0.7631307482051846,0.2041461493252606,0.6962920241906893,61.60718804325879,False
sample_output_tokens_7d,13,2025-10-07,2025-07-08,1.2966924710438428,265.7180411122694,27,0.7880097447919966,0.22242662075917552,1.5425392751603861,75.71412971692364,False
sample_output_tokens_7d,13,2025-10-14,2025-07-15,1.0975672962217646,199.68666601043626,28,0.793152439146084,0.2355572247409881,0.8716565937245373,64.53051541738805,False
sample_output_tokens_7d,13,2025-10-21,2025-07-22,0.872527710817197,139.2951905708373,29,0.7982951335001713,0.23271200946735027,0.21515515063905843,53.586636361153104,False
sample_output_tokens_7d,13,2025-10-28,2025-07-29,0.9796297846565921,166.34700019186727,30,0.8354114221586841,0.25965985795269475,0.3746206811428141,56.24492675465071,False
sample_output_tokens_7d,13,2025-11-04,2025-08-05,1.0423001071108982,183.57320062418378,31,0.872527710817197,0.25622039925676743,0.4469195772329804,57.45014935247379,False
sample_output_tokens_7d,13,2025-11-11,2025-08-12,1.1015802903958367,200.89172318168846,32,0.8855899295077796,0.2383748595726602,0.6111529664503191,60.18791995072682,False
sample_output_tokens_7d,13,2025-11-18,2025-08-19,0.8394276157817337,131.50415042558348,33,0.872527710817197,0.22905257957863967,-0.09746979615024211,48.375178498175465,False
sample_output_tokens_7d,13,2025-11-25,2025-08-26,0.48317996408848396,62.12216404350885,34,0.8559776632994653,0.24607643729267115,-1.0218312896528228,32.96607240148744,False
sample_output_tokens_7d,13,2025-12-02,2025-09-02,0.4075054168424558,50.30635873706988,35,0.8394276157817337,0.2581396804400309,-1.1285654785841177,31.186813472002754,False
sample_output_tokens_7d,13,2025-12-09,2025-09-09,0.517852465380045,67.84193129902131,36,0.8188613746409525,0.26126616023585664,-0.7770915591721822,37.04588370859972,False
sample_output_tokens_7d,13,2025-12-16,2025-09-16,0.5323337804800963,70.29018739227236,37,0.7982951335001713,0.2486878287228006,-0.721339986404756,37.97526242663272,False
sample_output_tokens_7d,13,2025-12-23,2025-09-23,0.29041464370955244,33.69817441781274,38,0.793152439146084,0.25498316331540094,-1.3298603447088626,27.831228053703256,False
sample_output_tokens_7d,13,2025-12-30,2025-09-30,0.2085330564360928,23.186965060828,39,0.7880097447919966,0.2556759643119003,-1.5286993154794717,24.516582410957206,False
sample_output_tokens_7d,13,2026-01-06,2025-10-07,-0.1298139929434751,-12.1741221941596,40,0.7631307482051846,0.26222382086542656,-2.2968278573634358,11.71187961775152,False
sample_output_tokens_7d,13,2026-01-13,2025-10-14,0.122336737346436,13.013459623842905,41,0.7382517516183724,0.25507178752988846,-1.6286747733738989,22.849991527857103,False
sample_output_tokens_7d,13,2026-01-20,2025-10-21,0.21936453566719355,24.528514480805487,42,0.7156724149627899,0.2610801887071773,-1.2821925711711517,28.625849838576897,False
sample_output_tokens_7d,13,2026-01-27,2025-10-28,0.32455184390920555,38.341052318319235,43,0.6930930783072073,0.28558766146475156,-0.8704075512668135,35.490306120382215,False
sample_output_tokens_7d,13,2026-02-03,2025-11-04,0.44141919260678675,55.491237351607325,44,0.6725457346179258,0.26664048631441495,-0.5846550874966079,40.253799691431546,False
sample_output_tokens_7d,13,2026-02-10,2025-11-11,0.2617578125320199,29.92118514951363,45,0.6519983909286441,0.25967989777522116,-1.013608162804972,33.103151926041114,False
sample_output_tokens_7d,13,2026-02-17,2025-11-18,0.4377236074161252,54.9176667299085,46,0.6307129033695693,0.2797073668660869,-0.46537743448427676,42.2421581671471,False
sample_output_tokens_7d,13,2026-02-24,2025-11-25,0.46917827839286436,59.867998344873264,47,0.6094274158104944,0.28487557190128887,-0.3320633867670936,44.46450334259255,False
sample_output_tokens_7d,13,2026-03-03,2025-12-02,0.6088437997934449,83.83047212876063,48,0.6091356078019696,0.28153496449260706,-0.0006991025276234785,49.988345960864514,False
sample_output_tokens_7d,13,2026-03-10,2025-12-09,0.47536199197033235,60.859639108179906,49,0.6088437997934449,0.27819435708392537,-0.32363074103533773,44.60507554694092,False
sample_output_tokens_7d,13,2026-03-17,2025-12-16,0.32092083799562754,37.83964599481051,50,0.6035184414432897,0.27591779813392714,-0.6908197784441575,38.484034293335895,False
sample_output_tokens_7d,13,2026-03-24,2025-12-23,0.38482955572467764,46.93638554389774,51,0.5981930830931345,0.2736412391839289,-0.525913886549187,41.23301551122505,False
sample_output_tokens_7d,13,2026-03-31,2025-12-30,0.5884295403038149,80.11575477626772,52,0.5933113116984747,0.26571066838911217,-0.012392086909936642,49.793423911211356,False
sample_output_tokens_7d,13,2026-04-07,2026-01-06,0.6239118741331671,86.62141762976105,53,0.5981930830931345,0.2675436403836149,0.06483834516319839,51.080855213870514,False
sample_output_tokens_7d,13,2026-04-14,2026-01-13,0.5312390065332091,70.10386014342347,54,0.5933113116984747,0.2543890865361071,-0.16457937258027977,47.256461859086734,False
sample_output_tokens_7d,13,2026-04-21,2026-01-20,0.49785705154350013,64.51919289472421,55,0.5884295403038149,0.25099807547791886,-0.24338954239115035,45.94269632833952,False
sample_output_tokens_7d,13,2026-04-28,2026-01-27,0.41372565907050624,51.24421451798498,56,0.5828804483979998,0.23382284539532588,-0.48794779710128927,41.8659102223215,False
sample_output_tokens_7d,13,2026-05-05,2026-02-03,0.24686953972100925,28.00121111478353,57,0.5773313564921847,0.24668191378266513,-0.9035662094318843,34.937551288770486,False
sample_output_tokens_7d,13,2026-05-12,2026-02-10,0.1950968616432601,21.542870921027024,58,0.5714572402625029,0.24385659695314033,-1.04098720634805,32.64674327017801,False
sample_output_tokens_7d,13,2026-05-19,2026-02-17,0.2758885355881776,31.77009790766425,59,0.5655831240328211,0.24103128012361552,-0.8106679053277903,36.486166018185735,False
sample_output_tokens_7d,13,2026-05-26,2026-02-24,0.2553787339645654,29.09504550818984,60,0.557595214405096,0.2386871477522719,-0.854014241396191,35.7635825959255,False
sample_output_tokens_7d,13,2026-06-02,2026-03-03,0.2269875884702176,25.481429367865193,61,0.5496073047773707,0.2486878287228006,-0.8750087151096055,35.41360471912287,False
sample_output_tokens_7d,13,2026-06-09,2026-03-10,0.24098911541126677,27.25071845154856,62,0.5409705426287335,0.2539402448953094,-0.7967807574423562,36.71766477343592,False
sample_output_tokens_7d,13,2026-06-16,2026-03-17,0.2446117676074604,27.71253954975894,63,0.5323337804800963,0.25644524489191867,-0.7567535091648504,37.38491900222194,False
sample_output_tokens_7d,13,2026-06-23,2026-03-24,0.14558551339736953,15.671664512315896,64,0.5317863935066527,0.2613660456394313,-0.9966440908502651,33.38594300552608,False
sample_output_tokens_7d,13,2026-06-30,2026-03-31,0.251322808670061,28.572506054549063,65,0.5312390065332091,0.26705612696696224,-0.7069708193209602,38.21479644191959,False
sample_output_tokens_7d,13,2026-07-07,2026-04-07,0.202483507558051,22.443989095156812,66,0.524545735956627,0.2661370462361231,-0.8162260763897949,36.39351130658211,False
sample_output_tokens_7d,13,2026-07-14,2026-04-14,0.1263139881345449,13.463837534456058,67,0.517852465380045,0.26247373141547964,-1.0061543433601374,33.22740709618651,False
sample_output_tokens_7d,13,2026-07-21,2026-04-21,-0.020216643123232337,-2.00136569944378,68,0.5078547584617725,0.2545039871444593,-1.3995037355181736,26.670272728912042,False
sample_output_tokens_7d,13,2026-07-28,2026-04-28,0.07085720221690839,7.342793179462204,69,0.49785705154350013,0.2465342428734391,-1.1682249464085042,30.525690143370234,False
sample_output_tokens_7d,13,2026-08-04,2026-05-05,0.14967945594685542,16.14618833530168,70,0.49051850781599204,0.24477785415175723,-0.9391895020534325,34.343711000769275,False
sample_output_tokens_7d,13,2026-08-11,2026-05-12,0.15391007682376215,16.638599692893273,71,0.48317996408848396,0.23856819648102356,-0.9309266683902722,34.48145243793416,False
sample_output_tokens_7d,13,2026-08-18,2026-05-19,0.2709329810466657,31.118719304659393,72,0.47927097802940816,0.23353032436517335,-0.6017293651037243,39.96917148372091,False
sample_output_tokens_7d,13,2026-08-25,2026-05-26,0.24789513682811096,28.13255612862855,73,0.47536199197033235,0.2284924522493231,-0.6714632819171562,38.80670709044101,False
sample_output_tokens_7d,13,2026-09-01,2026-06-02,0.15654695313889663,16.946567111405344,74,0.4722701351815983,0.22652948151736352,-0.9400646989254082,34.32912146891344,False
sample_output_tokens_7d,13,2026-09-08,2026-06-09,0.14834453717425847,15.991246048819786,75,0.46917827839286436,0.22456651078540396,-0.9636316342245991,33.93626065747593,False
sample_output_tokens_7d,13,2026-09-15,2026-06-16,0.21975046793704317,24.576583328123114,76,0.4661700719683423,0.22605198144797028,-0.7352633885726341,37.743159312494186,False
sample_output_tokens_7d,13,2026-09-22,2026-06-23,0.26674242648270563,30.570408821949478,77,0.4631618655438203,0.2221727501325535,-0.5963066872478983,40.059567523577535,False
sample_output_tokens_7d,13,2026-09-29,2026-06-30,0.35555355488656254,42.69703420993889,78,0.45229052907530354,0.20949008756593995,-0.3114619691468405,44.80792897432217,False
sample_output_tokens_7d,52,2026-01-06,2025-01-07,2.4283354771443593,1033.9990688103326,1,2.4283354771443593,0.0,,,False
sample_output_tokens_7d,52,2026-01-13,2025-01-14,2.7461655299785694,1458.276553238964,2,2.5872505035614646,0.1589150264171051,,,False
sample_output_tokens_7d,52,2026-01-20,2025-01-21,2.912732786955703,1740.7032394602013,3,2.7461655299785694,0.16656725697713348,,,False
sample_output_tokens_7d,52,2026-01-27,2025-01-28,3.00833302768858,1925.360956291875,4,2.829449158467136,0.13108374885500518,,,False
sample_output_tokens_7d,52,2026-02-03,2025-02-04,3.009038484623685,1926.7902653232898,5,2.912732786955703,0.09630569766798214,,,False
sample_output_tokens_7d,52,2026-02-10,2025-02-11,2.955083329433426,1820.3322855176466,6,2.9339080581945645,0.07477769796156797,,,False
sample_output_tokens_7d,52,2026-02-17,2025-02-18,2.5273426972196376,1152.0191952448479,7,2.912732786955703,0.09630569766798214,,,False
sample_output_tokens_7d,52,2026-02-24,2025-02-25,2.4533143946434883,1062.6818794117294,8,2.829449158467136,0.17923659768899625,-1.4154443109725308,26.404543336087908,False
sample_output_tokens_7d,52,2026-03-03,2025-03-04,2.400832979029616,1003.2362280706355,9,2.7461655299785694,0.26216749771001036,-0.8884534375774985,35.1894811955831,False
sample_output_tokens_7d,52,2026-03-10,2025-03-11,2.476601736241815,1090.0753723748262,10,2.6367541135991033,0.2221698855121157,-0.4862103537871643,41.89487340236797,False
sample_output_tokens_7d,52,2026-03-17,2025-03-18,2.5346526512410343,1161.2049307444656,11,2.5346526512410343,0.13381967221141844,0.0,50.0,False
sample_output_tokens_7d,52,2026-03-24,2025-03-25,2.361699248136695,960.8963406010389,12,2.5309976742303357,0.1497315606471803,-0.762632964623697,37.28690847972297,False
sample_output_tokens_7d,52,2026-03-31,2025-04-01,2.3481693759154347,946.6392147072503,13,2.5273426972196376,0.1656434490829426,-0.7295836342063985,37.83784081777934,False
sample_output_tokens_7d,52,2026-04-07,2025-04-08,2.2539522177773548,852.5307631650447,14,2.501972216730726,0.14703790470466127,-1.137714780385745,31.034294610969628,False
sample_output_tokens_7d,52,2026-04-14,2025-04-15,2.489394791719782,1105.3978744705478,15,2.489394791719782,0.1276955435830871,0.0,50.0,False
sample_output_tokens_7d,52,2026-04-21,2025-04-22,2.5014275867317557,1119.9897947335883,16,2.495411189225769,0.11414507564261367,0.035551288570972034,50.592639980478104,False
sample_output_tokens_7d,52,2026-04-28,2025-04-29,2.283490411669125,881.0864672785826,17,2.489394791719782,0.1276955435830871,-1.0875916087828101,31.86984788159055,False
sample_output_tokens_7d,52,2026-05-05,2025-05-06,2.3400162552491883,938.1405313690597,18,2.4829982639807984,0.12806395195473352,-0.753061592968498,37.44646324521514,False
sample_output_tokens_7d,52,2026-05-12,2025-05-13,2.251528042878324,850.2244585707192,19,2.476601736241815,0.1284323603263804,-1.1820239540031345,30.295660686767746,False
sample_output_tokens_7d,52,2026-05-19,2025-05-20,2.151232841879171,759.5448696877831,20,2.4649580654426515,0.12086524986033997,-1.750749405249286,20.8150074144944,False
sample_output_tokens_7d,52,2026-05-26,2025-05-27,2.304388048843488,901.8045821515765,21,2.4533143946434883,0.1132981393943,-0.8865939425106746,35.22047897834705,False
sample_output_tokens_7d,52,2026-06-02,2025-06-03,2.372084915180083,971.9718705931876,22,2.440824935893924,0.097318197995923,-0.4764217765279398,42.05804898527924,False
sample_output_tokens_7d,52,2026-06-09,2025-06-10,2.3869414089435628,988.0165023823034,23,2.4283354771443593,0.09900722007527829,-0.2819987923845637,45.29908013094932,False
sample_output_tokens_7d,52,2026-06-16,2025-06-17,2.229657114071124,829.6677832898183,24,2.4145842280869876,0.11147732418807488,-1.118896874219355,31.34798910676335,False
sample_output_tokens_7d,52,2026-06-23,2025-06-24,2.1125020217764154,726.8904402944472,25,2.400832979029616,0.11734256736049087,-1.657340304655759,22.372137121388494,False
sample_output_tokens_7d,52,2026-06-30,2025-07-01,2.0221608280933108,655.4631569528647,26,2.3938871939865893,0.12192614277525626,-2.0563760416089747,15.720211386378388,False
sample_output_tokens_7d,52,2026-07-07,2025-07-08,1.9932738597915858,633.9523041489512,27,2.3869414089435628,0.132989191166208,-1.9965917671982627,16.716815240804955,False
sample_output_tokens_7d,52,2026-07-14,2025-07-15,1.8774570282359546,553.6860656213411,28,2.379513162061823,0.12677303173398347,-2.6711692413783097,5.471608746223573,False
sample_output_tokens_7d,52,2026-07-21,2025-07-22,1.5695326549046582,380.4402355148494,29,2.372084915180083,0.12934267155167278,-3,0,False
sample_output_tokens_7d,52,2026-07-28,2025-07-29,1.7887644898532122,498.20570066107433,30,2.366892081658389,0.1358852363303158,-2.869640065409028,2.1631001096315003,False
sample_output_tokens_7d,52,2026-08-04,2025-08-05,1.8802682953855496,555.5263373194497,31,2.361699248136695,0.13972833859506073,-2.3239432474590336,11.259866064857903,False
sample_output_tokens_7d,52,2026-08-11,2025-08-12,1.7123450413948789,454.19423355355804,32,2.3549343120260646,0.159450829949632,-2.7182080226013907,4.68747226323481,False
sample_output_tokens_7d,52,2026-08-18,2025-08-19,1.8239727398327021,519.6426406526883,33,2.3481693759154347,0.17917332130420283,-1.973317146843698,17.10480316211555,False
sample_output_tokens_7d,52,2026-08-25,2025-08-26,1.4556321132740249,328.7192600622961,34,2.3440928155823118,0.1869048586480242,-3,0,False
sample_output_tokens_7d,52,2026-09-01,2025-09-02,1.399883758245015,305.4728610679878,35,2.3400162552491883,0.18878341337001725,-3,0,False
sample_output_tokens_7d,52,2026-09-08,2025-09-09,1.3825481099359027,298.50430290417984,36,2.322202152046338,0.20742033772161106,-3,0,False
sample_output_tokens_7d,52,2026-09-15,2025-09-16,1.3176168540202273,273.4510879380827,37,2.304388048843488,0.22295464837614976,-2.9852172066091196,0.2364291658259745,False
sample_output_tokens_7d,52,2026-09-22,2025-09-23,1.0875721393143056,196.706170832438,38,2.2939392302563064,0.23705844397402953,-3,0,False
sample_output_tokens_7d,52,2026-09-29,2025-09-30,1.4038389602965313,307.07976387774835,39,2.283490411669125,0.2511622395719093,-2.3622849379041297,10.62071008513815,False
sample_billed_cost_USD_7d,13,2025-04-08,2025-01-07,0.9344623973418043,154.5844437040691,1,0.9344623973418043,0.0,,,False
sample_billed_cost_USD_7d,13,2025-04-15,2025-01-14,0.8168229956703804,126.3297896075406,2,0.8756426965060924,0.05881970083571192,,,False
sample_billed_cost_USD_7d,13,2025-04-22,2025-01-21,0.645135295569937,90.62449183185699,3,0.8168229956703804,0.11763940167142384,,,False
sample_billed_cost_USD_7d,13,2025-04-29,2025-01-28,0.7466058618245845,110.98268063587007,4,0.7817144287474824,0.08584385005022171,,,False
sample_billed_cost_USD_7d,13,2025-05-06,2025-02-04,0.6357894220942061,88.85123865682772,5,0.7466058618245845,0.10147056625464757,,,False
sample_billed_cost_USD_7d,13,2025-05-13,2025-02-11,0.7340510017907452,108.35038126217529,6,0.7403284318076648,0.08584385005022171,,,False
sample_billed_cost_USD_7d,13,2025-05-20,2025-02-18,0.6229034925154551,86.43332687232108,7,0.7340510017907452,0.08891570622080824,,,False
sample_billed_cost_USD_7d,13,2025-05-27,2025-02-25,0.46720677047803216,59.55312780767379,8,0.689593148680341,0.06185118465456474,-2.425136365110099,9.57297679361465,False
sample_billed_cost_USD_7d,13,2025-06-03,2025-03-04,0.4616319521564725,58.666122850490844,9,0.645135295569937,0.10147056625464757,-1.2197754879462213,29.66634261593649,False
sample_billed_cost_USD_7d,13,2025-06-10,2025-03-11,0.46203603659582504,58.73025031737029,10,0.6404623588320715,0.1396995456732762,-0.8614695560800475,35.639302500145604,False
sample_billed_cost_USD_7d,13,2025-06-17,2025-03-18,0.536613620934641,71.02056405822596,11,0.6357894220942061,0.11081643973037847,-0.6036393301261885,39.93733236679644,False
sample_billed_cost_USD_7d,13,2025-06-24,2025-03-25,0.4016100538930403,49.422855045044116,12,0.6293464573048306,0.1396995456732762,-1.099546165002817,31.670565429403037,False
sample_billed_cost_USD_7d,13,2025-07-01,2025-04-01,0.4414504168435683,55.49609252261896,13,0.6229034925154551,0.1556967220374229,-0.7860693611126766,36.89622375025168,False
sample_billed_cost_USD_7d,13,2025-07-08,2025-04-08,0.4007151424994716,49.289194645632236,14,0.5797585567250481,0.12821737222502766,-0.9418624508100713,34.29915294499611,False
sample_billed_cost_USD_7d,13,2025-07-15,2025-04-15,0.6232170179460812,86.49178762539928,15,0.6229034925154551,0.1556967220374229,0.0013582174566746147,50.022641485002765,False
sample_billed_cost_USD_7d,13,2025-07-22,2025-04-22,0.8249248915235715,128.1709383177835,16,0.6230602552307681,0.15843885169383953,0.8593588655117328,64.32551228808059,False
sample_billed_cost_USD_7d,13,2025-07-29,2025-04-29,0.40805363712933723,50.38878232325352,17,0.6229034925154551,0.16086745591963003,-0.9008300734563675,34.983162675482355,False
sample_billed_cost_USD_7d,13,2025-08-05,2025-05-06,0.583488187778626,79.22793465915515,18,0.6031958401470405,0.14136184577089175,-0.0940326531602898,48.43247567181797,False
sample_billed_cost_USD_7d,13,2025-08-12,2025-05-13,0.6682224263794065,95.07666055660621,19,0.6229034925154551,0.1556967220374229,0.19632527724777118,53.27274237172035,False
sample_billed_cost_USD_7d,13,2025-08-19,2025-05-20,0.5741895051807641,77.56907553713724,20,0.6031958401470405,0.13857443661011193,-0.14118408401747523,47.64646131942869,False
sample_billed_cost_USD_7d,13,2025-08-26,2025-05-27,0.6505578346783615,91.66096822101096,21,0.6229034925154551,0.12370236930912948,0.1507861033904043,52.51360434351804,False
sample_billed_cost_USD_7d,13,2025-09-02,2025-06-03,0.4737749275337858,60.60454697304674,22,0.6031958401470405,0.13342211565635653,-0.6542634196080475,39.093428795133846,False
sample_billed_cost_USD_7d,13,2025-09-09,2025-06-10,0.613219094172056,84.63654668090787,23,0.613219094172056,0.13338676765252855,0.0,50.0,False
sample_billed_cost_USD_7d,13,2025-09-16,2025-06-17,0.6350901794990028,88.71923198432471,24,0.6180612933437555,0.12226713846390941,0.09394042013409529,51.56598680363537,False
sample_billed_cost_USD_7d,13,2025-09-23,2025-06-24,0.6550068029893189,92.51556141448943,25,0.6229034925154551,0.11114750927529016,0.19481665765085426,53.24759368303974,False
sample_billed_cost_USD_7d,13,2025-09-30,2025-07-01,0.6889153291026666,99.15541804167715,26,0.6230602552307681,0.09871869042805209,0.4499516616219415,57.50069419923776,False
sample_billed_cost_USD_7d,13,2025-10-07,2025-07-08,0.8805084404537107,141.21258170334968,27,0.6232170179460812,0.11083398384466403,1.5657714444082889,76.10140997828617,False
sample_billed_cost_USD_7d,13,2025-10-14,2025-07-15,0.8492778670660807,133.79579257684696,28,0.6291535987225421,0.11117483308512283,1.335480169514474,72.26245442580628,False
sample_billed_cost_USD_7d,13,2025-10-21,2025-07-22,0.6021209504568972,82.59875253294156,29,0.6232170179460812,0.11083398384466403,-0.12838212693582865,47.85986994397974,False
sample_billed_cost_USD_7d,13,2025-10-28,2025-07-29,0.7329197259666799,108.11481278450353,30,0.6291535987225421,0.10433176515617049,0.6708339868311348,61.18280256047502,False
sample_billed_cost_USD_7d,13,2025-11-04,2025-08-05,0.7421287139624622,110.04019138452237,31,0.6350901794990028,0.09896082229174241,0.7295463066250683,62.16153693143989,False
sample_billed_cost_USD_7d,13,2025-11-11,2025-08-12,0.6648127276497814,94.41264061223426,32,0.6354398007966044,0.09871869042805209,0.2006891263989057,53.34548773706976,False
sample_billed_cost_USD_7d,13,2025-11-18,2025-08-19,0.6792761857121166,97.24495282648962,33,0.6357894220942061,0.09826157969653915,0.2985034467225921,54.97605245686561,False
sample_billed_cost_USD_7d,13,2025-11-25,2025-08-26,0.6686989588538862,95.16964307320926,34,0.6404623588320715,0.09302300504664107,0.2047378042044703,53.41297919608852,False
sample_billed_cost_USD_7d,13,2025-12-02,2025-09-02,0.691106297564124,99.59223963796408,35,0.645135295569937,0.08778443039674289,0.35321771649964195,55.88813933404903,False
sample_billed_cost_USD_7d,13,2025-12-09,2025-09-09,0.7537991826350403,112.50581838461935,36,0.6478465651241492,0.08563879875456337,0.8344822964911813,63.910819882507994,False
sample_billed_cost_USD_7d,13,2025-12-16,2025-09-16,0.6461657135078255,90.82101596124701,37,0.6461657135078255,0.08675401245885439,0.0,50.0,False
sample_billed_cost_USD_7d,13,2025-12-23,2025-09-23,0.43517537090565234,54.523402428120924,38,0.6456505045388812,0.08783485933983137,-1.6162550245109428,23.05702874140258,False
sample_billed_cost_USD_7d,13,2025-12-30,2025-09-30,-0.07000143482678936,-6.760751791672304,39,0.645135295569937,0.08891570622080824,-3,0,False
sample_billed_cost_USD_7d,13,2026-01-06,2025-10-07,-0.13148759662527923,-12.320984977286253,40,0.6404623588320715,0.09762749904453222,-3,0,False
sample_billed_cost_USD_7d,13,2026-01-13,2025-10-14,0.1098993805466713,11.616575682022212,41,0.6357894220942061,0.09917580115956504,-3,0,False
sample_billed_cost_USD_7d,13,2026-01-20,2025-10-21,0.26823951726976347,30.76603097358266,42,0.6354398007966044,0.10275754651391056,-2.410267727465757,9.820836983145824,False
sample_billed_cost_USD_7d,13,2026-01-27,2025-10-28,0.47309659479898875,60.495640593034935,43,0.6350901794990028,0.10703853446345934,-1.0207835572706645,32.98353810029802,False
sample_billed_cost_USD_7d,13,2026-02-03,2025-11-04,0.4792723393853194,61.48988762438605,44,0.6291535987225421,0.11521368917098129,-0.877443688932184,35.37301370550049,False
sample_billed_cost_USD_7d,13,2026-02-10,2025-11-11,0.5668611324235892,76.2725397128986,45,0.6232170179460812,0.11891169601638096,-0.3196617767675717,44.67123818128458,False
sample_billed_cost_USD_7d,13,2026-02-17,2025-11-18,0.6189317989601493,85.694339316964,46,0.6230602552307681,0.11502960264583556,-0.024207730370147815,49.59645713472963,False
sample_billed_cost_USD_7d,13,2026-02-24,2025-11-25,0.7972393041890254,121.9405360089842,47,0.6232170179460812,0.11891169601638096,0.9870889739701252,66.45477319608199,False
sample_billed_cost_USD_7d,13,2026-03-03,2025-12-02,0.9550859256698379,159.8893885023601,48,0.6291535987225421,0.11521368917098129,1.9080922095499206,81.80789713319717,False
sample_billed_cost_USD_7d,13,2026-03-10,2025-12-09,0.8289011663454949,129.080014846201,49,0.6350901794990028,0.11151568232558173,1.1722451675571266,69.5413269431773,False
sample_billed_cost_USD_7d,13,2026-03-17,2025-12-16,0.8973628865908034,145.31254037897247,50,0.6354398007966044,0.11476272143320798,1.5393910048098824,75.66164805018074,False
sample_billed_cost_USD_7d,13,2026-03-24,2025-12-23,0.9051692858096037,147.23504214762738,51,0.6357894220942061,0.11800976054083423,1.5396542458217228,75.66603627784812,False
sample_billed_cost_USD_7d,13,2026-03-31,2025-12-30,1.3621177565894167,290.44532340095947,52,0.6404623588320715,0.1350568845799614,3,100,False
sample_billed_cost_USD_7d,13,2026-04-07,2026-01-06,1.1789503816578388,225.0960144076876,53,0.645135295569937,0.15210400861908846,2.3671522276389743,89.4604276347417,False
sample_billed_cost_USD_7d,13,2026-04-14,2026-01-13,0.8536304077119639,134.8156160684609,54,0.6456505045388812,0.15898348240185303,0.8823591025167167,64.70892623895367,False
sample_billed_cost_USD_7d,13,2026-04-21,2026-01-20,0.8501106551736087,133.9905760279084,55,0.6461657135078255,0.1668933741225061,0.8242327133645853,63.73995933178764,False
sample_billed_cost_USD_7d,13,2026-04-28,2026-01-27,0.7403762772634783,109.6724315768871,56,0.6483617740930935,0.15866937583660945,0.391146254902799,56.52040806922966,False
sample_billed_cost_USD_7d,13,2026-05-05,2026-02-03,0.6793374132844244,97.2570300258262,57,0.6505578346783615,0.14668146951066396,0.1323381876127749,52.20607758750496,False
sample_billed_cost_USD_7d,13,2026-05-12,2026-02-10,0.6542748401322672,92.37469873354392,58,0.6524163374053144,0.1303128416271922,0.009619488763647604,50.160356877690006,False
sample_billed_cost_USD_7d,13,2026-05-19,2026-02-17,0.653317339823397,92.19058805716865,59,0.653317339823397,0.11670371888875597,0.0,50.0,False
sample_billed_cost_USD_7d,13,2026-05-26,2026-02-24,0.3880115616803911,47.404682664791345,60,0.6519375872508792,0.1303128416271922,-1.36606387528527,27.227715198994545,False
sample_billed_cost_USD_7d,13,2026-06-02,2026-03-03,0.41089748282651706,50.81707352316172,61,0.6505578346783615,0.14668146951066396,-1.102038950633955,31.62901069293197,False
sample_billed_cost_USD_7d,13,2026-06-09,2026-03-10,0.3772035358394937,45.82010753489669,62,0.6483617740930935,0.15866937583660945,-1.152671869374099,30.78495993753377,False
sample_billed_cost_USD_7d,13,2026-06-16,2026-03-17,0.358315038600164,43.091634336038155,63,0.6461657135078255,0.1668933741225061,-1.1633333040040503,30.60723382225248,False
sample_billed_cost_USD_7d,13,2026-06-23,2026-03-24,0.4364358184063904,54.71829386392613,64,0.6456505045388812,0.16877532814253052,-0.836101900059653,36.062181326005586,False
sample_billed_cost_USD_7d,13,2026-06-30,2026-03-31,0.47275335409603686,60.44056140978662,65,0.645135295569937,0.17136036803615118,-0.6785117700042046,38.68920879402991,False
sample_billed_cost_USD_7d,13,2026-07-07,2026-04-07,0.48392204981677434,62.2425172383561,66,0.6404623588320715,0.16393872537251888,-0.6440515605846471,39.26366048505393,False
sample_billed_cost_USD_7d,13,2026-07-14,2026-04-14,0.7448665504205717,110.61603500128912,67,0.645135295569937,0.1658629561846176,0.4055625883870325,56.76072834841183,False
sample_billed_cost_USD_7d,13,2026-07-21,2026-04-21,0.6769895592393254,96.79444256637272,68,0.6456505045388812,0.16405330993783432,0.12884776792489627,52.14789229130802,False
sample_billed_cost_USD_7d,13,2026-07-28,2026-04-28,0.7071281145144673,102.81582485509469,69,0.6461657135078255,0.16224366369105114,0.2534371772618852,54.22479774495562,False
sample_billed_cost_USD_7d,13,2026-08-04,2026-05-05,0.717005992581841,104.82914212405818,70,0.6483617740930935,0.15665862718612555,0.29554638575470144,54.926758250530874,False
sample_billed_cost_USD_7d,13,2026-08-11,2026-05-12,0.5596706835624221,75.00960699841359,71,0.6461657135078255,0.15107359068119997,-0.3861700656995503,43.5625450047885,False
sample_billed_cost_USD_7d,13,2026-08-18,2026-05-19,0.4831482701185175,62.11702582993639,72,0.6456505045388812,0.15665862718612555,-0.6996503000157916,38.33682949873675,False
sample_billed_cost_USD_7d,13,2026-08-25,2026-05-26,0.5269044671673748,69.36813393437508,73,0.645135295569937,0.15210400861908846,-0.5242833635140856,41.2601963302202,False
sample_billed_cost_USD_7d,13,2026-09-01,2026-06-02,0.3069594912204026,35.92859039436051,74,0.6404623588320715,0.15665862718612555,-1.4358902953730155,26.06370877613183,False
sample_billed_cost_USD_7d,13,2026-09-08,2026-06-09,0.24711078602425596,28.03209465889671,75,0.6357894220942061,0.15264115197568856,-1.7174932516029657,21.369387495778557,False
sample_billed_cost_USD_7d,13,2026-09-15,2026-06-16,0.330402230805918,39.152773123229004,76,0.6354398007966044,0.154229496044686,-1.3340186379932228,27.761909304652974,False
sample_billed_cost_USD_7d,13,2026-09-22,2026-06-23,0.46660818997973413,59.45765099505547,77,0.6350901794990028,0.15581784011368344,-0.7293102316529917,37.84239843834463,False
sample_billed_cost_USD_7d,13,2026-09-29,2026-06-30,0.29151215435974337,33.844990139319364,78,0.6291535987225421,0.15262996526298947,-1.4920794474835757,25.12703561044879,False
sample_billed_cost_USD_7d,52,2026-01-06,2025-01-07,2.0841983836697073,703.8145389786882,1,2.0841983836697073,0.0,,,False
sample_billed_cost_USD_7d,52,2026-01-13,2025-01-14,2.3992172612292135,1001.4551489070127,2,2.2417078224494604,0.1575094387797531,,,False
sample_billed_cost_USD_7d,52,2026-01-20,2025-01-21,2.340420654820169,938.560439854246,3,2.340420654820169,0.05879660640904438,,,False
sample_billed_cost_USD_7d,52,2026-01-27,2025-01-28,2.36067581971959,959.811144543427,4,2.3505482372698796,0.02939830320452219,,,False
sample_billed_cost_USD_7d,52,2026-02-03,2025-02-04,2.4406786632206137,1048.0829716321543,5,2.36067581971959,0.038541441509623464,,,False
sample_billed_cost_USD_7d,52,2026-02-10,2025-02-11,2.6339472882435224,1292.8641897501952,6,2.3799465404744016,0.05012900420022226,,,False
sample_billed_cost_USD_7d,52,2026-02-17,2025-02-18,2.4953009823684846,1112.5382495765357,7,2.3992172612292135,0.05879660640904438,,,False
sample_billed_cost_USD_7d,52,2026-02-24,2025-02-25,2.583702868199305,1224.6096009164253,8,2.4199479622249136,0.07744016377415774,1.426277599577391,73.77604758495511,False
sample_billed_cost_USD_7d,52,2026-03-03,2025-03-04,2.5815991029242205,1221.8258624278528,9,2.4406786632206137,0.10025800840044452,0.9480492971875158,65.80398178411589,False
sample_billed_cost_USD_7d,52,2026-03-10,2025-03-11,2.6579554797484164,1326.7089905435023,10,2.467989822794549,0.11466116276721361,1.1174671278488202,68.62817702123984,False
sample_billed_cost_USD_7d,52,2026-03-17,2025-03-18,2.7152324005322725,1410.812079924753,11,2.4953009823684846,0.13462516264889457,1.101886945584879,68.36845538289994,False
sample_billed_cost_USD_7d,52,2026-03-24,2025-03-25,2.3969615135976152,998.9733442783779,12,2.467989822794549,0.11466116276721361,-0.4178218418370799,43.034909896575876,False
sample_billed_cost_USD_7d,52,2026-03-31,2025-04-01,2.422482067708862,1027.3806968782364,13,2.4406786632206137,0.10025800840044452,-0.12241850523888226,47.959283517667835,False
sample_billed_cost_USD_7d,52,2026-04-07,2025-04-08,2.3286863679857417,926.4448964080502,14,2.431580365464738,0.09702685406178246,-0.7152767259773203,38.07633697795807,False
sample_billed_cost_USD_7d,52,2026-04-14,2025-04-15,2.436024673270797,1042.7522192764038,15,2.436024673270797,0.09560401845062794,0.0,50.0,False
sample_billed_cost_USD_7d,52,2026-04-21,2025-04-22,2.545396014423841,1174.8275587569635,16,2.4383516682457054,0.10248767980183593,0.7044790407097585,61.74366560863167,False
sample_billed_cost_USD_7d,52,2026-04-28,2025-04-29,2.354446235158484,953.2294831925876,17,2.436024673270797,0.09560401845062794,-0.5755396433226707,40.40575414581108,False
sample_billed_cost_USD_7d,52,2026-05-05,2025-05-06,2.484226654410832,1099.1842829207512,18,2.4383516682457054,0.09091822325637877,0.34033060866401743,55.67331124642917,False
sample_billed_cost_USD_7d,52,2026-05-12,2025-05-13,2.5541711265850444,1186.063539969056,19,2.4406786632206137,0.10025800840044452,0.7635262163177496,62.72798202601689,False
sample_billed_cost_USD_7d,52,2026-05-19,2025-05-20,2.5257148296764265,1149.9827318294908,20,2.4624526588157227,0.09674765343272718,0.44104170133329706,57.35216516122606,False
sample_billed_cost_USD_7d,52,2026-05-26,2025-05-27,2.504507659401664,1123.7532448325392,21,2.484226654410832,0.08726514081321657,0.15675618387523862,52.61312558520023,False
sample_billed_cost_USD_7d,52,2026-06-02,2025-06-03,2.530864633594265,1156.4365013598199,22,2.489763818389658,0.09119092084750346,0.30400087864910796,55.06769464708063,False
sample_billed_cost_USD_7d,52,2026-06-09,2025-06-10,2.573122978992085,1210.6692518035466,23,2.4953009823684846,0.08629812055573582,0.6082428825635459,60.13940885233431,False
sample_billed_cost_USD_7d,52,2026-06-16,2025-06-17,2.5369338181977956,1164.0852337351635,24,2.4999043208850744,0.07955851760767918,0.31393312138690627,55.23326513351973,False
sample_billed_cost_USD_7d,52,2026-06-23,2025-06-24,2.4317872781109653,1037.9201714317874,25,2.4953009823684846,0.07782199662360023,-0.5504794078854903,40.82350827054888,False
sample_billed_cost_USD_7d,52,2026-06-30,2025-07-01,2.453785004961331,1063.2291782726934,26,2.489763818389658,0.07532045564161138,-0.32218840137940674,44.629119349005286,False
sample_billed_cost_USD_7d,52,2026-07-07,2025-07-08,2.4118932753030444,1015.5060766119419,27,2.484226654410832,0.07233337910778737,-0.6744907594765952,38.756239039525155,False
sample_billed_cost_USD_7d,52,2026-07-14,2025-07-15,2.5576742057452875,1190.576622582281,28,2.489763818389658,0.07289046522112153,0.6284076882332097,60.47555616284761,False
sample_billed_cost_USD_7d,52,2026-07-21,2025-07-22,2.3974606821395947,999.5220541382726,29,2.484226654410832,0.07344755133445569,-0.7967977893157845,36.71738085210587,False
sample_billed_cost_USD_7d,52,2026-07-28,2025-07-29,2.653520712543614,1320.3958772421056,30,2.489763818389658,0.08061485184452022,1.3701260919074454,72.84000195209711,False
sample_billed_cost_USD_7d,52,2026-08-04,2025-08-05,2.617744459214047,1270.477701405373,31,2.4953009823684846,0.0834077070654402,0.9901602213536679,66.50597088996565,False
sample_billed_cost_USD_7d,52,2026-08-11,2025-08-12,2.4456193837680598,1053.7693646322311,32,2.489763818389658,0.08061485184452022,-0.3693489791684185,43.84295251726246,False
sample_billed_cost_USD_7d,52,2026-08-18,2025-08-19,2.43467359461418,1041.2093136712574,33,2.484226654410832,0.07344755133445569,-0.45506052045813056,42.41414112396296,False
sample_billed_cost_USD_7d,52,2026-08-25,2025-08-26,2.380854291890677,981.4137348738591,34,2.4690058296860813,0.07421725041311289,-0.8011263870016236,36.64522312868293,False
sample_billed_cost_USD_7d,52,2026-09-01,2025-09-02,2.3640491972808815,963.3923246178343,35,2.453785004961331,0.08314881323646484,-0.7279234750170592,37.86551567146562,False
sample_billed_cost_USD_7d,52,2026-09-08,2025-09-09,2.207014670844285,808.8543559224237,36,2.4497021943646953,0.08644231045845707,-1.8936385571674748,18.433045252018193,False
sample_billed_cost_USD_7d,52,2026-09-15,2025-09-16,2.2322458695047107,832.0775836613391,37,2.4456193837680598,0.08524524982620507,-1.6882871946658868,21.856252464919663,False
sample_billed_cost_USD_7d,52,2026-09-22,2025-09-23,2.2433886651013806,842.5216134385023,38,2.4431490234943367,0.08820919921789039,-1.5274655822797094,24.537148743397243,False
sample_billed_cost_USD_7d,52,2026-09-29,2025-09-30,2.0563818302184074,681.7633053954652,39,2.4406786632206137,0.09018597037365117,-2.8741129211361005,2.088537604661198,False
